t_s,kinetic_J,source
3.980657419133e-3,6.393715716797e-2,toy every solver step
3.981754878401e-3,6.400626514804e-2,toy every solver step
3.982872163474e-3,6.407296003101e-2,toy every solver step
3.984010456449e-3,6.413852443432e-2,toy every solver step
3.985170967658e-3,6.420397115024e-2,toy every solver step
3.986354937322e-3,6.427068485466e-2,toy every solver step
3.987563637271e-3,6.433942120614e-2,toy every solver step
3.988798372719e-3,6.440853370119e-2,toy every solver step
3.990060484126e-3,6.447592930640e-2,toy every solver step
3.991351349114e-3,6.454372076194e-2,toy every solver step
3.992672384473e-3,6.461289538722e-2,toy every solver step
3.994025048240e-3,6.468328397408e-2,toy every solver step
3.995410841866e-3,6.475412014203e-2,toy every solver step
3.996831312471e-3,6.482754398343e-2,toy every solver step
3.998288055190e-3,6.490367622086e-2,toy every solver step
3.999782715624e-3,6.498663007553e-2,toy every solver step
4.001316992381e-3,6.507412002533e-2,toy every solver step
4.002892639740e-3,6.515981176483e-2,toy every solver step
4.004511470411e-3,6.525463718438e-2,toy every solver step
4.006175358429e-3,6.535536628708e-2,toy every solver step
4.007886242160e-3,6.546476073270e-2,toy every solver step
4.009646127439e-3,6.558243228140e-2,toy every solver step
4.011457090841e-3,6.571102346119e-2,toy every solver step
4.013321283095e-3,6.584186428852e-2,toy every solver step
4.015240932636e-3,6.598431465886e-2,toy every solver step
4.017218349318e-3,6.612937241280e-2,toy every solver step
4.019255928272e-3,6.628215864832e-2,toy every solver step
4.021356153935e-3,6.643702848818e-2,toy every solver step
4.023521604239e-3,6.659299857262e-2,toy every solver step
4.025754954982e-3,6.674749996932e-2,toy every solver step
4.028058984366e-3,6.690402252884e-2,toy every solver step
4.030436577728e-3,6.705560520242e-2,toy every solver step
4.032890732456e-3,6.720884361609e-2,toy every solver step
4.035424563099e-3,6.737386210471e-2,toy every solver step
4.038041306674e-3,6.754116952060e-2,toy every solver step
4.040688099676e-3,6.771361698297e-2,toy every solver step
4.043303009191e-3,6.788793009305e-2,toy every solver step
4.045887569044e-3,6.806158484289e-2,toy every solver step
4.048443305262e-3,6.823186447561e-2,toy every solver step
4.050971736270e-3,6.839934278672e-2,toy every solver step
4.053474373120e-3,6.856760894341e-2,toy every solver step
4.055952719734e-3,6.874458819556e-2,toy every solver step
4.058408273181e-3,6.892073772642e-2,toy every solver step
4.060842523967e-3,6.910178132489e-2,toy every solver step
4.063256956351e-3,6.928952789006e-2,toy every solver step
4.065653048687e-3,6.947800934433e-2,toy every solver step
4.068032273779e-3,6.967126344492e-2,toy every solver step
4.070396099265e-3,6.987681288552e-2,toy every solver step
4.072745988013e-3,7.008890773106e-2,toy every solver step
4.075083398541e-3,7.029598660821e-2,toy every solver step
4.077409785457e-3,7.050488861168e-2,toy every solver step
4.079726599911e-3,7.071124639611e-2,toy every solver step
4.082035290071e-3,7.090222487839e-2,toy every solver step
4.084337301608e-3,7.109236850896e-2,toy every solver step
4.086634078208e-3,7.127222730259e-2,toy every solver step
4.088927062084e-3,7.144811609210e-2,toy every solver step
4.091217694515e-3,7.161598075188e-2,toy every solver step
4.093507416395e-3,7.177844167795e-2,toy every solver step
4.095797668792e-3,7.194816563247e-2,toy every solver step
4.098089893522e-3,7.211175968960e-2,toy every solver step
4.100385533739e-3,7.227410193960e-2,toy every solver step
4.102686034526e-3,7.243826006211e-2,toy every solver step
4.104992843513e-3,7.261199588687e-2,toy every solver step
4.107307411489e-3,7.280814125583e-2,toy every solver step
4.109631193037e-3,7.301533185704e-2,toy every solver step
4.111965647176e-3,7.324156931065e-2,toy every solver step
4.114312238008e-3,7.347255358291e-2,toy every solver step
4.116672435390e-3,7.370638774370e-2,toy every solver step
4.119047715599e-3,7.393444656455e-2,toy every solver step
4.121439562023e-3,7.414944645848e-2,toy every solver step
4.123849465854e-3,7.436138363234e-2,toy every solver step
4.126278926803e-3,7.458006670321e-2,toy every solver step
4.128729453821e-3,7.479924243597e-2,toy every solver step
4.131202565837e-3,7.502181973301e-2,toy every solver step
4.133699792514e-3,7.523062080002e-2,toy every solver step
4.136222675022e-3,7.543087023632e-2,toy every solver step
4.138772766831e-3,7.563990396860e-2,toy every solver step
4.141351634526e-3,7.585647204219e-2,toy every solver step
4.143960858645e-3,7.608478615830e-2,toy every solver step
4.146602034548e-3,7.631146487108e-2,toy every solver step
4.149276773315e-3,7.654050934029e-2,toy every solver step
4.151986702676e-3,7.678185123601e-2,toy every solver step
4.154733467985e-3,7.704031964734e-2,toy every solver step
4.157506717692e-3,7.731268828812e-2,toy every solver step
4.160294248499e-3,7.759093496124e-2,toy every solver step
4.163096820543e-3,7.788209385853e-2,toy every solver step
4.165915096836e-3,7.816474746527e-2,toy every solver step
4.168749646125e-3,7.844967112417e-2,toy every solver step
4.171600946877e-3,7.873336288864e-2,toy every solver step
4.174469392383e-3,7.901047674465e-2,toy every solver step
4.177355296924e-3,7.928422380398e-2,toy every solver step
4.180258902979e-3,7.955477823586e-2,toy every solver step
4.183180389353e-3,7.982736302002e-2,toy every solver step
4.186119880160e-3,8.009797668366e-2,toy every solver step
4.189077454491e-3,8.037634492684e-2,toy every solver step
4.192053156639e-3,8.066704099744e-2,toy every solver step
4.195047006706e-3,8.097201671816e-2,toy every solver step
4.198059011384e-3,8.127820999789e-2,toy every solver step
4.201089174741e-3,8.160319202778e-2,toy every solver step
4.204137508777e-3,8.191987570693e-2,toy every solver step
4.207204043572e-3,8.224232664965e-2,toy every solver step
4.210288675083e-3,8.255477333980e-2,toy every solver step
4.213391141112e-3,8.287710980239e-2,toy every solver step
4.216511114483e-3,8.321556309965e-2,toy every solver step
4.219648217250e-3,8.355868146285e-2,toy every solver step
4.222802036606e-3,8.391805464000e-2,toy every solver step
4.225972142053e-3,8.428690705896e-2,toy every solver step
4.229158103362e-3,8.465363177435e-2,toy every solver step
4.232359508807e-3,8.499819667987e-2,toy every solver step
4.235575983171e-3,8.533906921542e-2,toy every solver step
4.238807205007e-3,8.567920121563e-2,toy every solver step
4.242052922687e-3,8.604008652169e-2,toy every solver step
4.245312968816e-3,8.642168420547e-2,toy every solver step
4.248587542826e-3,8.681154574876e-2,toy every solver step
4.251877212618e-3,8.721158880652e-2,toy every solver step
4.255182594558e-3,8.762489868982e-2,toy every solver step
4.258504343886e-3,8.802356208768e-2,toy every solver step
4.261843145435e-3,8.843526966566e-2,toy every solver step
4.265199704813e-3,8.885482223642e-2,toy every solver step
4.268574740168e-3,8.926079211650e-2,toy every solver step
4.271968974586e-3,8.967890847548e-2,toy every solver step
4.275383129147e-3,9.011571846777e-2,toy every solver step
4.278817916595e-3,9.056545321694e-2,toy every solver step
4.282274035569e-3,9.103113231481e-2,toy every solver step
4.285752165258e-3,9.148626140370e-2,toy every solver step
4.289252960354e-3,9.191072288205e-2,toy every solver step
4.292777046111e-3,9.232493906394e-2,toy every solver step
4.296325012946e-3,9.272657321425e-2,toy every solver step
4.299897410898e-3,9.313569729055e-2,toy every solver step
4.303494743885e-3,9.353880676495e-2,toy every solver step
4.307117463296e-3,9.394950682739e-2,toy every solver step
4.310765960771e-3,9.435881657748e-2,toy every solver step
4.314440560080e-3,9.475224057941e-2,toy every solver step
4.318141508037e-3,9.515269253528e-2,toy every solver step
4.321868964474e-3,9.559382985848e-2,toy every solver step
4.325622991400e-3,9.606093232257e-2,toy every solver step
4.329403541531e-3,9.651225860480e-2,toy every solver step
4.333210446521e-3,9.698688228713e-2,toy every solver step
4.337043405305e-3,9.747256446553e-2,toy every solver step
4.340901973051e-3,9.797373404305e-2,toy every solver step
4.344785551343e-3,9.846422152457e-2,toy every solver step
4.348693380227e-3,9.892940992881e-2,toy every solver step
4.352624532824e-3,9.935965522606e-2,toy every solver step
4.356577913082e-3,9.975779444888e-2,toy every solver step
4.360552257287e-3,1.001334572440e-1,toy every solver step
4.364546139853e-3,1.004954738387e-1,toy every solver step
4.368557983753e-3,1.008376906948e-1,toy every solver step
4.372586075770e-3,1.011870523132e-1,toy every solver step
4.376628586528e-3,1.015598064540e-1,toy every solver step
4.380683595007e-3,1.019166008533e-1,toy every solver step
4.384749116991e-3,1.022992113579e-1,toy every solver step
4.388823136632e-3,1.026833726744e-1,toy every solver step
4.392903640071e-3,1.030735189705e-1,toy every solver step
4.396988649898e-3,1.034717484989e-1,toy every solver step
4.401076259035e-3,1.038463838750e-1,toy every solver step
4.405164677394e-3,1.042316150253e-1,toy every solver step
4.409252257882e-3,1.046289706198e-1,toy every solver step
4.413337518689e-3,1.049946148691e-1,toy every solver step
4.417419161103e-3,1.053475410240e-1,toy every solver step
4.421496082317e-3,1.056733825674e-1,toy every solver step
4.425567383671e-3,1.059819656859e-1,toy every solver step
4.429632374494e-3,1.062796112211e-1,toy every solver step
4.433690571922e-3,1.065677934661e-1,toy every solver step
4.437741697237e-3,1.068442037938e-1,toy every solver step
4.441785669363e-3,1.070882930992e-1,toy every solver step
4.445822596039e-3,1.073010025029e-1,toy every solver step
4.449852763390e-3,1.074851156513e-1,toy every solver step
4.453876625467e-3,1.076638676466e-1,toy every solver step
4.457894740772e-3,1.078688008878e-1,toy every solver step
4.461892691899e-3,1.080874726810e-1,toy every solver step
4.465814674229e-3,1.082758600548e-1,toy every solver step
4.469664123398e-3,1.084281244102e-1,toy every solver step
4.473444606062e-3,1.085892101459e-1,toy every solver step
4.477159799443e-3,1.087437403435e-1,toy every solver step
4.480813472250e-3,1.088749195046e-1,toy every solver step
4.484409466883e-3,1.090072206116e-1,toy every solver step
4.487951683392e-3,1.091346657986e-1,toy every solver step
4.491444064636e-3,1.092677373157e-1,toy every solver step
4.494890582740e-3,1.094147268063e-1,toy every solver step
4.498295226523e-3,1.095280062744e-1,toy every solver step
4.501661990335e-3,1.096316470020e-1,toy every solver step
4.504994864183e-3,1.097045840720e-1,toy every solver step
4.508297825302e-3,1.097652251039e-1,toy every solver step
4.511574831165e-3,1.097946710784e-1,toy every solver step
4.514829813884e-3,1.098295611853e-1,toy every solver step
4.518066676046e-3,1.098783997914e-1,toy every solver step
4.521289287798e-3,1.099102002064e-1,toy every solver step
4.524501485131e-3,1.099223875440e-1,toy every solver step
4.527707069280e-3,1.098972888825e-1,toy every solver step
4.530909807214e-3,1.098842061528e-1,toy every solver step
4.534113432791e-3,1.098683921535e-1,toy every solver step
4.537321648988e-3,1.098260632622e-1,toy every solver step
4.540538130819e-3,1.097554015718e-1,toy every solver step
4.543766528428e-3,1.096809962133e-1,toy every solver step
4.547010470966e-3,1.095771539978e-1,toy every solver step
4.550273571151e-3,1.094571880307e-1,toy every solver step
4.553535790209e-3,1.093602092763e-1,toy every solver step
4.556724503973e-3,1.092627756291e-1,toy every solver step
4.559842512813e-3,1.091929528529e-1,toy every solver step
4.562892529492e-3,1.091075623173e-1,toy every solver step
4.565877174070e-3,1.090229025200e-1,toy every solver step
4.568798970585e-3,1.089247685668e-1,toy every solver step
4.571660345339e-3,1.088511118111e-1,toy every solver step
4.574463626632e-3,1.088039438662e-1,toy every solver step
4.577211045780e-3,1.087887487482e-1,toy every solver step
4.579904739250e-3,1.087922422643e-1,toy every solver step
4.582546813130e-3,1.088065745841e-1,toy every solver step
4.585139256951e-3,1.088186659674e-1,toy every solver step
4.587683947280e-3,1.088505071271e-1,toy every solver step
4.590182651883e-3,1.088978892473e-1,toy every solver step
4.592637034367e-3,1.089435801979e-1,toy every solver step
4.595048659200e-3,1.090068749204e-1,toy every solver step
4.597418997038e-3,1.090726085368e-1,toy every solver step
4.599749430262e-3,1.091470352826e-1,toy every solver step
4.602041258683e-3,1.091868435563e-1,toy every solver step
4.604295705291e-3,1.092277139610e-1,toy every solver step
4.606513922058e-3,1.092506323306e-1,toy every solver step
4.608696995749e-3,1.092598209106e-1,toy every solver step
4.610845953704e-3,1.092928660463e-1,toy every solver step
4.612961769561e-3,1.093291787624e-1,toy every solver step
4.615045368900e-3,1.093643779302e-1,toy every solver step
4.617097634772e-3,1.093958524304e-1,toy every solver step
4.619119413112e-3,1.094012837213e-1,toy every solver step
4.621111518012e-3,1.094091052897e-1,toy every solver step
4.623074736844e-3,1.094086028291e-1,toy every solver step
4.625009835221e-3,1.093996244614e-1,toy every solver step
4.626917561792e-3,1.093837372349e-1,toy every solver step
4.628798652867e-3,1.093765445110e-1,toy every solver step
4.630653836858e-3,1.093796932020e-1,toy every solver step
4.632483838541e-3,1.093908374186e-1,toy every solver step
4.634289383129e-3,1.093935267481e-1,toy every solver step
4.636071200161e-3,1.093908844774e-1,toy every solver step
4.637830027201e-3,1.093853607315e-1,toy every solver step
4.639566613346e-3,1.093826195397e-1,toy every solver step
4.641281699776e-3,1.093856150325e-1,toy every solver step
4.642976021971e-3,1.093866477419e-1,toy every solver step
4.644650361283e-3,1.093928499782e-1,toy every solver step
4.646305478768e-3,1.094029426762e-1,toy every solver step
4.647942114026e-3,1.094180379249e-1,toy every solver step
4.649560984647e-3,1.094399699701e-1,toy every solver step
4.651162786227e-3,1.094567119552e-1,toy every solver step
4.652748192897e-3,1.094793532036e-1,toy every solver step
4.654317858297e-3,1.095088096114e-1,toy every solver step
4.655872416968e-3,1.095438733017e-1,toy every solver step
4.657412486093e-3,1.095856786856e-1,toy every solver step
4.658938667544e-3,1.096277524069e-1,toy every solver step
4.660451550189e-3,1.096622363061e-1,toy every solver step
4.661951712421e-3,1.096924233203e-1,toy every solver step
4.663439724860e-3,1.097131299853e-1,toy every solver step
4.664916153196e-3,1.097327704547e-1,toy every solver step
4.666381561135e-3,1.097555107278e-1,toy every solver step
4.667836513423e-3,1.097806327142e-1,toy every solver step
4.669281578905e-3,1.098092272862e-1,toy every solver step
4.670717333611e-3,1.098321797934e-1,toy every solver step
4.672144363833e-3,1.098543782358e-1,toy every solver step
4.673563269172e-3,1.098737299861e-1,toy every solver step
4.674974665551e-3,1.099032763537e-1,toy every solver step
4.676379188160e-3,1.099381398181e-1,toy every solver step
4.677777494339e-3,1.099745009617e-1,toy every solver step
4.679170266372e-3,1.100104295729e-1,toy every solver step
4.680558214202e-3,1.100344258801e-1,toy every solver step
4.681942078044e-3,1.100548587037e-1,toy every solver step
4.683322630710e-3,1.100648636426e-1,toy every solver step
4.684700679834e-3,1.100745587130e-1,toy every solver step
4.686077069981e-3,1.100821566130e-1,toy every solver step
4.687452684666e-3,1.100879479150e-1,toy every solver step
4.688828448273e-3,1.100884251498e-1,toy every solver step
4.690205327894e-3,1.100926985068e-1,toy every solver step
4.691584335082e-3,1.101011490419e-1,toy every solver step
4.692966527532e-3,1.101009728377e-1,toy every solver step
4.694353010690e-3,1.100966459868e-1,toy every solver step
4.695744939304e-3,1.100933893719e-1,toy every solver step
4.697143518910e-3,1.100747859191e-1,toy every solver step
4.698550007257e-3,1.100547717356e-1,toy every solver step
4.699965715678e-3,1.100362312724e-1,toy every solver step
4.701392010400e-3,1.100212771045e-1,toy every solver step
4.702830313759e-3,1.100023289129e-1,toy every solver step
4.704282101409e-3,1.099851470057e-1,toy every solver step
4.705748888208e-3,1.099685699529e-1,toy every solver step
4.707232228468e-3,1.099473443394e-1,toy every solver step
4.708733716140e-3,1.099336093329e-1,toy every solver step
4.710254984903e-3,1.099211582759e-1,toy every solver step
4.711797708150e-3,1.099153367679e-1,toy every solver step
4.713363618351e-3,1.099034430180e-1,toy every solver step
4.714954463908e-3,1.098870181615e-1,toy every solver step
4.716572008473e-3,1.098725759849e-1,toy every solver step
4.718218030105e-3,1.098598904482e-1,toy every solver step
4.719894320229e-3,1.098490090727e-1,toy every solver step
4.721602682408e-3,1.098239222983e-1,toy every solver step
4.723344930883e-3,1.097959990548e-1,toy every solver step
4.725122888892e-3,1.097775652097e-1,toy every solver step
4.726938386749e-3,1.097654000366e-1,toy every solver step
4.728793259685e-3,1.097512173379e-1,toy every solver step
4.730689345439e-3,1.097402254216e-1,toy every solver step
4.732628481614e-3,1.097315456391e-1,toy every solver step
4.734612502827e-3,1.097369315881e-1,toy every solver step
4.736643237671e-3,1.097330556245e-1,toy every solver step
4.738722505526e-3,1.097138181661e-1,toy every solver step
4.740852113281e-3,1.096954999813e-1,toy every solver step
4.743033852017e-3,1.096828842450e-1,toy every solver step
4.745269157547e-3,1.096814313267e-1,toy every solver step
4.747559408559e-3,1.096843701652e-1,toy every solver step
4.749905922709e-3,1.096631129564e-1,toy every solver step
4.752309953406e-3,1.096354905218e-1,toy every solver step
4.754772687504e-3,1.095908364055e-1,toy every solver step
4.757295244111e-3,1.095458666465e-1,toy every solver step
4.759878674735e-3,1.095135298489e-1,toy every solver step
4.762523964973e-3,1.094831991749e-1,toy every solver step
4.765232037971e-3,1.094732684454e-1,toy every solver step
4.768003760344e-3,1.094924597012e-1,toy every solver step
4.770840647534e-3,1.094849664099e-1,toy every solver step
4.773744248155e-3,1.094738082237e-1,toy every solver step
4.776716154533e-3,1.094070013307e-1,toy every solver step
4.779758014572e-3,1.092916227576e-1,toy every solver step
4.782871544031e-3,1.091592734949e-1,toy every solver step
4.786058539634e-3,1.090001852348e-1,toy every solver step
4.789320892599e-3,1.088024906700e-1,toy every solver step
4.792660602404e-3,1.085972277130e-1,toy every solver step
4.796079789761e-3,1.083691765076e-1,toy every solver step
4.799491097363e-3,1.081724536493e-1,toy every solver step
4.802838158557e-3,1.079857818314e-1,toy every solver step
4.806127079166e-3,1.078212298901e-1,toy every solver step
4.809363942717e-3,1.076893162053e-1,toy every solver step
4.812554810481e-3,1.075905225714e-1,toy every solver step
4.815705722592e-3,1.075176223739e-1,toy every solver step
4.818822700131e-3,1.074641277833e-1,toy every solver step
4.821911748070e-3,1.074349907149e-1,toy every solver step
4.824978858990e-3,1.074160766473e-1,toy every solver step
4.828030017469e-3,1.073938135064e-1,toy every solver step
4.831071205061e-3,1.073236972826e-1,toy every solver step
4.834108405770e-3,1.072400909066e-1,toy every solver step
4.837147611944e-3,1.071679261423e-1,toy every solver step
4.840194830492e-3,1.070986931326e-1,toy every solver step
4.843256089345e-3,1.070206718265e-1,toy every solver step
4.846337444067e-3,1.069899477409e-1,toy every solver step
4.849444984528e-3,1.070119058109e-1,toy every solver step
4.852584841525e-3,1.070986120047e-1,toy every solver step
4.855763193265e-3,1.072242448742e-1,toy every solver step
4.858986271580e-3,1.073657860610e-1,toy every solver step
4.862260367761e-3,1.075491065175e-1,toy every solver step
4.865591837870e-3,1.077410475777e-1,toy every solver step
4.868987107400e-3,1.079674242656e-1,toy every solver step
4.872452675119e-3,1.082614764412e-1,toy every solver step
4.875995115933e-3,1.085000115078e-1,toy every solver step
4.879621082605e-3,1.087629622658e-1,toy every solver step
4.883337306129e-3,1.090179596429e-1,toy every solver step
4.887150594579e-3,1.092788356458e-1,toy every solver step
4.891067830238e-3,1.094963650908e-1,toy every solver step
4.895095964808e-3,1.097250160629e-1,toy every solver step
4.899242012531e-3,1.100050097608e-1,toy every solver step
4.903513041039e-3,1.103040617832e-1,toy every solver step
4.907916159822e-3,1.106000627650e-1,toy every solver step
4.912458506208e-3,1.108367949257e-1,toy every solver step
4.917147228822e-3,1.110220995642e-1,toy every solver step
4.921989468534e-3,1.110705777960e-1,toy every solver step
4.926931200032e-3,1.111204379215e-1,toy every solver step
4.931798414719e-3,1.111948909440e-1,toy every solver step
4.936578892710e-3,1.113366523884e-1,toy every solver step
4.941297440142e-3,1.113690783334e-1,toy every solver step
4.945978850118e-3,1.113903392388e-1,toy every solver step
4.950647953258e-3,1.113700974972e-1,toy every solver step
4.955329684037e-3,1.113805211423e-1,toy every solver step
4.960049160390e-3,1.113504393659e-1,toy every solver step
4.964831775467e-3,1.113165443508e-1,toy every solver step
4.969698361656e-3,1.112686588220e-1,toy every solver step
4.974561452868e-3,1.111294562715e-1,toy every solver step
4.979422034500e-3,1.109521541170e-1,toy every solver step
4.984281109566e-3,1.107871533744e-1,toy every solver step
4.989139712700e-3,1.106438776975e-1,toy every solver step
4.993998923833e-3,1.104802886003e-1,toy every solver step
4.998859880946e-3,1.103258804721e-1,toy every solver step
5.003723791261e-3,1.102132898413e-1,toy every solver step
5.008591940228e-3,1.101305078074e-1,toy every solver step
5.013465697653e-3,1.100566247784e-1,toy every solver step
5.018346520302e-3,1.100053518071e-1,toy every solver step
5.023235950095e-3,1.099887107429e-1,toy every solver step
5.028135607722e-3,1.099833352078e-1,toy every solver step
5.033047181303e-3,1.100766136357e-1,toy every solver step
5.037972409901e-3,1.101342833262e-1,toy every solver step
5.042913061954e-3,1.100562492167e-1,toy every solver step
5.047870909043e-3,1.099053744754e-1,toy every solver step
5.052847697637e-3,1.097252482216e-1,toy every solver step
5.057845118910e-3,1.095987015066e-1,toy every solver step
5.062864778585e-3,1.094230338622e-1,toy every solver step
5.067908169091e-3,1.093167791231e-1,toy every solver step
5.072976647156e-3,1.092335214763e-1,toy every solver step
5.078071420054e-3,1.090435325580e-1,toy every solver step
5.083193543779e-3,1.088941949791e-1,toy every solver step
5.088343936060e-3,1.088132716990e-1,toy every solver step
5.093523406434e-3,1.088783880540e-1,toy every solver step
5.098732704639e-3,1.090365423112e-1,toy every solver step
5.103972204990e-3,1.091412675291e-1,toy every solver step
5.109185984988e-3,1.091700467526e-1,toy every solver step
5.114372830609e-3,1.091793547157e-1,toy every solver step
5.119531599528e-3,1.091990111651e-1,toy every solver step
5.124661213429e-3,1.091325253209e-1,toy every solver step
5.129760650489e-3,1.089872860195e-1,toy every solver step
5.134828938363e-3,1.088524852805e-1,toy every solver step
5.139865147922e-3,1.086422078419e-1,toy every solver step
5.144868387932e-3,1.084403603711e-1,toy every solver step
5.149837800748e-3,1.082809853518e-1,toy every solver step
5.154772559073e-3,1.081945009009e-1,toy every solver step
5.159671863733e-3,1.082434030815e-1,toy every solver step
5.164534942392e-3,1.084532296761e-1,toy every solver step
5.169361049082e-3,1.087267144387e-1,toy every solver step
5.174149464430e-3,1.089671457275e-1,toy every solver step
5.178899496439e-3,1.090901944367e-1,toy every solver step
5.183610481711e-3,1.091685573466e-1,toy every solver step
5.188281786994e-3,1.092114918637e-1,toy every solver step
5.192912810970e-3,1.092203482972e-1,toy every solver step
5.197502986208e-3,1.092242577131e-1,toy every solver step
5.202051781225e-3,1.091695802673e-1,toy every solver step
5.206558702646e-3,1.089866993680e-1,toy every solver step
5.211023297406e-3,1.087216476576e-1,toy every solver step
5.215445155018e-3,1.084901316724e-1,toy every solver step
5.219823909886e-3,1.082843623182e-1,toy every solver step
5.224159243661e-3,1.082293563655e-1,toy every solver step
5.228450887647e-3,1.082193249432e-1,toy every solver step
5.232698625245e-3,1.081812168518e-1,toy every solver step
5.236902295113e-3,1.080920851770e-1,toy every solver step
5.241061794167e-3,1.080121004882e-1,toy every solver step
5.245177080398e-3,1.079380456747e-1,toy every solver step
5.249248175475e-3,1.079865910609e-1,toy every solver step
5.253275167100e-3,1.081445469392e-1,toy every solver step
5.257258211104e-3,1.082841796881e-1,toy every solver step
5.261197533259e-3,1.083647270320e-1,toy every solver step
5.265093430804e-3,1.083656935099e-1,toy every solver step
5.268946273665e-3,1.084409464397e-1,toy every solver step
5.272756505383e-3,1.085149994706e-1,toy every solver step
5.276524643737e-3,1.085462876556e-1,toy every solver step
5.280251281071e-3,1.085911654432e-1,toy every solver step
5.283937084332e-3,1.086529737257e-1,toy every solver step
5.287582794831e-3,1.087439940607e-1,toy every solver step
5.291189227722e-3,1.088359445730e-1,toy every solver step
5.294757271246e-3,1.088891316759e-1,toy every solver step
5.298287885726e-3,1.089071445973e-1,toy every solver step
5.301782102282e-3,1.088651719231e-1,toy every solver step
5.305241021380e-3,1.088677027883e-1,toy every solver step
5.308665811238e-3,1.088698453238e-1,toy every solver step
5.312057706111e-3,1.089243483042e-1,toy every solver step
5.315418004126e-3,1.089517867867e-1,toy every solver step
5.318748065110e-3,1.089619540279e-1,toy every solver step
5.322049308464e-3,1.089948378361e-1,toy every solver step
5.325323211131e-3,1.089443918034e-1,toy every solver step
5.328571305705e-3,1.089192529748e-1,toy every solver step
5.331795178721e-3,1.088716155301e-1,toy every solver step
5.334996469163e-3,1.088426009122e-1,toy every solver step
5.338176867226e-3,1.088448538011e-1,toy every solver step
5.341338113349e-3,1.088271261215e-1,toy every solver step
5.344481997584e-3,1.087764251974e-1,toy every solver step
5.347610359315e-3,1.087696669526e-1,toy every solver step
5.350725087361e-3,1.087534949126e-1,toy every solver step
5.353828120483e-3,1.087496204982e-1,toy every solver step
5.356921448289e-3,1.087575609290e-1,toy every solver step
5.360007112537e-3,1.087642470060e-1,toy every solver step
5.363087208833e-3,1.087805508569e-1,toy every solver step
5.366163888712e-3,1.088672377644e-1,toy every solver step
5.369239362084e-3,1.089791896830e-1,toy every solver step
5.372315900021e-3,1.090851774505e-1,toy every solver step
5.375372134087e-3,1.091625997097e-1,toy every solver step
5.378329327450e-3,1.091768525619e-1,toy every solver step
5.381195649380e-3,1.091281770063e-1,toy every solver step
5.383980781933e-3,1.090438073873e-1,toy every solver step
5.386694102030e-3,1.089069995141e-1,toy every solver step
5.389344718675e-3,1.087592502502e-1,toy every solver step
5.391941507452e-3,1.085866088607e-1,toy every solver step
5.394493143027e-3,1.084368739311e-1,toy every solver step
5.397008130051e-3,1.082581169657e-1,toy every solver step
5.399494832895e-3,1.080849894635e-1,toy every solver step
5.401961504504e-3,1.079541789041e-1,toy every solver step
5.404416314671e-3,1.078216414097e-1,toy every solver step
5.406867377956e-3,1.076929049600e-1,toy every solver step
5.409322781558e-3,1.076020935384e-1,toy every solver step
5.411790613316e-3,1.075359973989e-1,toy every solver step
5.414278990001e-3,1.074706986494e-1,toy every solver step
5.416796086032e-3,1.074251567872e-1,toy every solver step
5.419350162736e-3,1.073948069299e-1,toy every solver step
5.421949598296e-3,1.073215025397e-1,toy every solver step
5.424602918467e-3,1.072222866012e-1,toy every solver step
5.427318828204e-3,1.071066600467e-1,toy every solver step
5.430106244281e-3,1.069320284310e-1,toy every solver step
5.432974329040e-3,1.067299632091e-1,toy every solver step
5.435932525342e-3,1.065291190061e-1,toy every solver step
5.438990592835e-3,1.063557439658e-1,toy every solver step
5.442158645596e-3,1.061617505857e-1,toy every solver step
5.445447191186e-3,1.059895603820e-1,toy every solver step
5.448867171114e-3,1.058650229811e-1,toy every solver step
5.452430001254e-3,1.057720681162e-1,toy every solver step
5.456147612841e-3,1.056900289405e-1,toy every solver step
5.460032493719e-3,1.055873227048e-1,toy every solver step
5.464097729510e-3,1.054331907764e-1,toy every solver step
5.468223104766e-3,1.052050140124e-1,toy every solver step
5.472137191971e-3,1.048981004346e-1,toy every solver step
5.475851516705e-3,1.045751364914e-1,toy every solver step
5.479377326912e-3,1.043002340579e-1,toy every solver step
5.482725567336e-3,1.040705554735e-1,toy every solver step
5.485906858352e-3,1.038816721397e-1,toy every solver step
5.488931479589e-3,1.037246130221e-1,toy every solver step
5.491809358448e-3,1.035997996336e-1,toy every solver step
5.494550063397e-3,1.035053753983e-1,toy every solver step
5.497162801725e-3,1.034247354860e-1,toy every solver step
5.499656421341e-3,1.033341709359e-1,toy every solver step
5.502039416125e-3,1.032749535985e-1,toy every solver step
5.504319934284e-3,1.032434842813e-1,toy every solver step
5.506505789210e-3,1.032204784532e-1,toy every solver step
5.508604472325e-3,1.032158137450e-1,toy every solver step
5.510623167464e-3,1.032091198080e-1,toy every solver step
5.512568766397e-3,1.031692639879e-1,toy every solver step
5.514447885134e-3,1.031409868842e-1,toy every solver step
5.516266880719e-3,1.031058772894e-1,toy every solver step
5.518031868255e-3,1.030548560425e-1,toy every solver step
5.519748737970e-3,1.030001806593e-1,toy every solver step
5.521423172161e-3,1.029492932667e-1,toy every solver step
5.523060661903e-3,1.028660637211e-1,toy every solver step
5.524666523433e-3,1.027810410503e-1,toy every solver step
5.526245914149e-3,1.026833710788e-1,toy every solver step
5.527803848177e-3,1.025915600810e-1,toy every solver step
5.529345211493e-3,1.025077864093e-1,toy every solver step
5.530874776569e-3,1.024269935028e-1,toy every solver step
5.532397216551e-3,1.023548332221e-1,toy every solver step
5.533917118954e-3,1.022797947244e-1,toy every solver step
5.535438998889e-3,1.021915354225e-1,toy every solver step
5.536967311811e-3,1.021192587593e-1,toy every solver step
5.538506465795e-3,1.020543450952e-1,toy every solver step
5.540060833346e-3,1.019762789076e-1,toy every solver step
5.541634762751e-3,1.018872784165e-1,toy every solver step
5.543232588965e-3,1.017784416567e-1,toy every solver step
5.544858644059e-3,1.016425698760e-1,toy every solver step
5.546517267235e-3,1.014744839325e-1,toy every solver step
5.548212814430e-3,1.012980702535e-1,toy every solver step
5.549949667543e-3,1.011181293775e-1,toy every solver step
5.551732243327e-3,1.009497209375e-1,toy every solver step
5.553565002008e-3,1.007792665834e-1,toy every solver step
5.555452455699e-3,1.006290142104e-1,toy every solver step
5.557399176709e-3,1.004883166606e-1,toy every solver step
5.559409805875e-3,1.003466232030e-1,toy every solver step
5.561489061059e-3,1.001835949164e-1,toy every solver step
5.563641746013e-3,1.000100466925e-1,toy every solver step
5.565857310559e-3,9.983286274551e-2,toy every solver step
5.568016637400e-3,9.961891792257e-2,toy every solver step
5.570124684761e-3,9.937461538127e-2,toy every solver step
5.572186189803e-3,9.913932906843e-2,toy every solver step
5.574205687969e-3,9.894090027410e-2,toy every solver step
5.576187530950e-3,9.876471687337e-2,toy every solver step
5.578135903386e-3,9.861631814657e-2,toy every solver step
5.580054838391e-3,9.848253561895e-2,toy every solver step
5.581948232009e-3,9.834828038211e-2,toy every solver step
5.583819856703e-3,9.821582277973e-2,toy every solver step
5.585673373949e-3,9.807282415387e-2,toy every solver step
5.587512346050e-3,9.796080320449e-2,toy every solver step
5.589340247222e-3,9.785462315225e-2,toy every solver step
5.591160474057e-3,9.776110796121e-2,toy every solver step
5.592976355409e-3,9.766806542567e-2,toy every solver step
5.594791161787e-3,9.755407613166e-2,toy every solver step
5.596608114309e-3,9.743474568512e-2,toy every solver step
5.598430393266e-3,9.731852392117e-2,toy every solver step
5.600261146392e-3,9.718512221457e-2,toy every solver step
5.602103496850e-3,9.703494109725e-2,toy every solver step
5.603960550982e-3,9.685751881796e-2,toy every solver step
5.605835405876e-3,9.667882316763e-2,toy every solver step
5.607731156776e-3,9.647528870752e-2,toy every solver step
5.609650904384e-3,9.629339147964e-2,toy every solver step
5.611597762083e-3,9.611023013850e-2,toy every solver step
5.613574863114e-3,9.593812869129e-2,toy every solver step
5.615585367735e-3,9.575872492067e-2,toy every solver step
5.617566973680e-3,9.558164304941e-2,toy every solver step
5.619483749433e-3,9.538527461978e-2,toy every solver step
5.621339772956e-3,9.519723499505e-2,toy every solver step
5.623139058872e-3,9.498164595304e-2,toy every solver step
5.624885556325e-3,9.477895021970e-2,toy every solver step
5.626583148128e-3,9.460084054217e-2,toy every solver step
5.628235651036e-3,9.444931365234e-2,toy every solver step
5.629846817005e-3,9.429845383247e-2,toy every solver step
5.631420335289e-3,9.415040881850e-2,toy every solver step
5.632959835282e-3,9.399821460307e-2,toy every solver step
5.634468889988e-3,9.386958292554e-2,toy every solver step
5.635951020040e-3,9.375715041421e-2,toy every solver step
5.637409698192e-3,9.364756758354e-2,toy every solver step
5.638848354229e-3,9.355846356792e-2,toy every solver step
5.640270380233e-3,9.347720044042e-2,toy every solver step
5.641679136183e-3,9.339327242187e-2,toy every solver step
5.643077955838e-3,9.330992753182e-2,toy every solver step
5.644470152891e-3,9.322811407378e-2,toy every solver step
5.645859027367e-3,9.316626339857e-2,toy every solver step
5.647247872257e-3,9.310934493784e-2,toy every solver step
5.648639980370e-3,9.305723903449e-2,toy every solver step
5.650038651405e-3,9.300271999240e-2,toy every solver step
5.651447199229e-3,9.293063931948e-2,toy every solver step
5.652868959375e-3,9.285258665131e-2,toy every solver step
5.654307296743e-3,9.276819402924e-2,toy every solver step
5.655765613520e-3,9.267889715136e-2,toy every solver step
5.657247357330e-3,9.258426523621e-2,toy every solver step
5.658756029604e-3,9.249850473541e-2,toy every solver step
5.660295194207e-3,9.242296979925e-2,toy every solver step
5.661868486311e-3,9.234980099174e-2,toy every solver step
5.663479621564e-3,9.227537690215e-2,toy every solver step
5.665132405548e-3,9.220054219413e-2,toy every solver step
5.666830743566e-3,9.213485396872e-2,toy every solver step
5.668578650789e-3,9.209027921318e-2,toy every solver step
5.670380262788e-3,9.205385214380e-2,toy every solver step
5.672239846487e-3,9.201433327040e-2,toy every solver step
5.674161811586e-3,9.198588730718e-2,toy every solver step
5.676150722482e-3,9.195271035009e-2,toy every solver step
5.678211310738e-3,9.192122256101e-2,toy every solver step
5.680348488144e-3,9.188235423567e-2,toy every solver step
5.682567360394e-3,9.184807364530e-2,toy every solver step
5.684873241433e-3,9.184326867438e-2,toy every solver step
5.687271668484e-3,9.184481655856e-2,toy every solver step
5.689768417768e-3,9.184411026260e-2,toy every solver step
5.692369520917e-3,9.185545088265e-2,toy every solver step
5.695081282032e-3,9.186727425568e-2,toy every solver step
5.697910295328e-3,9.189096208537e-2,toy every solver step
5.700863463261e-3,9.190343040596e-2,toy every solver step
5.703948014958e-3,9.191942262749e-2,toy every solver step
5.707171524759e-3,9.193707506397e-2,toy every solver step
5.710541930556e-3,9.200286046319e-2,toy every solver step
5.714067551603e-3,9.207819928072e-2,toy every solver step
5.717757105336e-3,9.212925337821e-2,toy every solver step
5.721619722725e-3,9.214118736428e-2,toy every solver step
5.725664961567e-3,9.208228015808e-2,toy every solver step
5.729902817114e-3,9.200768123691e-2,toy every solver step
5.734343729366e-3,9.200650881547e-2,toy every solver step
5.738998586369e-3,9.201905469247e-2,toy every solver step
5.743878722859e-3,9.206820143802e-2,toy every solver step
5.748995913677e-3,9.208401210259e-2,toy every solver step
5.754362361438e-3,9.200706195617e-2,toy every solver step
5.759990678105e-3,9.186699562308e-2,toy every solver step
5.765893860248e-3,9.169967595232e-2,toy every solver step
5.772085258007e-3,9.152257518049e-2,toy every solver step
5.778578537872e-3,9.147903499149e-2,toy every solver step
5.785387639580e-3,9.140210487854e-2,toy every solver step
5.792526727338e-3,9.121097963028e-2,toy every solver step
5.800010135389e-3,9.106627055433e-2,toy every solver step
5.807852307489e-3,9.084674449102e-2,toy every solver step
5.815847962456e-3,9.068506038462e-2,toy every solver step
5.823869664731e-3,9.065093163339e-2,toy every solver step
5.831932889649e-3,9.070191540982e-2,toy every solver step
5.840052719277e-3,9.069710840397e-2,toy every solver step
5.848244043583e-3,9.075687733565e-2,toy every solver step
5.856418413159e-3,9.103655931298e-2,toy every solver step
5.864358447221e-3,9.100021040465e-2,toy every solver step
5.872070567958e-3,9.070967570554e-2,toy every solver step
5.879561435950e-3,9.060034793361e-2,toy every solver step
5.886838071833e-3,9.046521591550e-2,toy every solver step
5.893907843790e-3,9.022609703700e-2,toy every solver step
5.900778360164e-3,9.005873572655e-2,toy every solver step
5.907457310337e-3,8.992286684140e-2,toy every solver step
5.913952292238e-3,8.969232226382e-2,toy every solver step
5.920270656402e-3,8.956116529096e-2,toy every solver step
5.926419383550e-3,8.951731067734e-2,toy every solver step
5.932405002909e-3,8.950051030666e-2,toy every solver step
5.938233551174e-3,8.959055004223e-2,toy every solver step
5.943910567231e-3,8.979648837408e-2,toy every solver step
5.949441113919e-3,9.000573649881e-2,toy every solver step
5.954829819746e-3,9.018693403638e-2,toy every solver step
5.960080933597e-3,9.034817436227e-2,toy every solver step
5.965198386446e-3,9.058203586728e-2,toy every solver step
5.970185855397e-3,9.085169183662e-2,toy every solver step
5.975046827779e-3,9.101984632277e-2,toy every solver step
5.979784662504e-3,9.105118885961e-2,toy every solver step
5.984402646167e-3,9.099727160032e-2,toy every solver step
5.988904041981e-3,9.085722253039e-2,toy every solver step
5.993292130707e-3,9.073197369011e-2,toy every solver step
5.997570243051e-3,9.070296528986e-2,toy every solver step
6.001741783163e-3,9.070031890328e-2,toy every solver step
6.005810243080e-3,9.067368894525e-2,toy every solver step
6.009779207994e-3,9.063103301828e-2,toy every solver step
6.013652352667e-3,9.056675676772e-2,toy every solver step
6.017433430166e-3,9.044478931693e-2,toy every solver step
6.021126254215e-3,9.035537580355e-2,toy every solver step
6.024735534646e-3,9.029404712999e-2,toy every solver step
6.028265914812e-3,9.022895696990e-2,toy every solver step
6.031721871257e-3,9.018805973980e-2,toy every solver step
6.035107637704e-3,9.017531677403e-2,toy every solver step
6.038427735309e-3,9.022242530255e-2,toy every solver step
6.041686274429e-3,9.030319941206e-2,toy every solver step
6.044886956988e-3,9.038428970880e-2,toy every solver step
6.048033097427e-3,9.039421514696e-2,toy every solver step
6.051127656338e-3,9.033867363291e-2,toy every solver step
6.054173281811e-3,9.031576042867e-2,toy every solver step
6.057172354294e-3,9.028356390835e-2,toy every solver step
6.060127031427e-3,9.027816484382e-2,toy every solver step
6.063039290302e-3,9.030340584112e-2,toy every solver step
6.065910965045e-3,9.037494499944e-2,toy every solver step
6.068742572041e-3,9.046291165132e-2,toy every solver step
6.071534615409e-3,9.057878855286e-2,toy every solver step
6.074286909833e-3,9.070894807769e-2,toy every solver step
6.076999317197e-3,9.083214307861e-2,toy every solver step
6.079671806504e-3,9.096718633500e-2,toy every solver step
6.082304500184e-3,9.104989628178e-2,toy every solver step
6.084897706544e-3,9.110441806430e-2,toy every solver step
6.087451938655e-3,9.110486293658e-2,toy every solver step
6.089967516913e-3,9.109567891923e-2,toy every solver step
6.092445474605e-3,9.107629145927e-2,toy every solver step
6.094886918253e-3,9.102702869675e-2,toy every solver step
6.097292739863e-3,9.092507777897e-2,toy every solver step
6.099663966112e-3,9.081958756636e-2,toy every solver step
6.102001768181e-3,9.071112752639e-2,toy every solver step
6.104307468042e-3,9.060511270315e-2,toy every solver step
6.106582541732e-3,9.051625425695e-2,toy every solver step
6.108828971043e-3,9.046146054776e-2,toy every solver step
6.111048781245e-3,9.041441488475e-2,toy every solver step
6.113244043601e-3,9.037838783052e-2,toy every solver step
6.115416877263e-3,9.033223456480e-2,toy every solver step
6.117569450703e-3,9.028688777455e-2,toy every solver step
6.119703982839e-3,9.026733190271e-2,toy every solver step
6.121822743985e-3,9.024273617530e-2,toy every solver step
6.123928056730e-3,9.023791837390e-2,toy every solver step
6.126022296841e-3,9.024287444213e-2,toy every solver step
6.128107894272e-3,9.023002683845e-2,toy every solver step
6.130187334336e-3,9.024052754893e-2,toy every solver step
6.132263159103e-3,9.023297867205e-2,toy every solver step
6.134337969064e-3,9.021939997116e-2,toy every solver step
6.136414425107e-3,9.019705485641e-2,toy every solver step
6.138495250803e-3,9.016191552394e-2,toy every solver step
6.140583235054e-3,9.011064441995e-2,toy every solver step
6.142681235143e-3,9.004570616280e-2,toy every solver step
6.144792180212e-3,8.998953775678e-2,toy every solver step
6.146919075198e-3,8.994242692195e-2,toy every solver step
6.149065005276e-3,8.991242395863e-2,toy every solver step
6.151233140820e-3,8.989422659146e-2,toy every solver step
6.153426742952e-3,8.989679209095e-2,toy every solver step
6.155649169696e-3,8.992388089515e-2,toy every solver step
6.157903882819e-3,8.993532123560e-2,toy every solver step
6.160194455385e-3,8.996563544081e-2,toy every solver step
6.162524580119e-3,8.997547501339e-2,toy every solver step
6.164898078648e-3,8.999829635565e-2,toy every solver step
6.167318911701e-3,9.004587383294e-2,toy every solver step
6.169791190399e-3,9.009639688270e-2,toy every solver step
6.172319188728e-3,9.015417319234e-2,toy every solver step
6.174907357367e-3,9.020753281285e-2,toy every solver step
6.177560339009e-3,9.025071880534e-2,toy every solver step
6.180282985391e-3,9.026989344114e-2,toy every solver step
6.183080376246e-3,9.027612541717e-2,toy every solver step
6.185957840436e-3,9.032215180661e-2,toy every solver step
6.188920979573e-3,9.040306511689e-2,toy every solver step
6.191975694496e-3,9.048311325141e-2,toy every solver step
6.195128214983e-3,9.057041356793e-2,toy every solver step
6.198385133219e-3,9.065339388183e-2,toy every solver step
6.201753441541e-3,9.071852076703e-2,toy every solver step
6.205240575108e-3,9.075389766469e-2,toy every solver step
6.208854460210e-3,9.074860172222e-2,toy every solver step
6.212603569000e-3,9.067866279560e-2,toy every solver step
6.216496982285e-3,9.054606171623e-2,toy every solver step
6.220544460770e-3,9.039028693884e-2,toy every solver step
6.224756525495e-3,9.027799829900e-2,toy every solver step
6.229144548036e-3,9.023397409804e-2,toy every solver step
6.233720850495e-3,9.013448300693e-2,toy every solver step
6.238498814490e-3,9.003081192033e-2,toy every solver step
6.243492996646e-3,8.993074791470e-2,toy every solver step
6.248719124349e-3,8.979103069056e-2,toy every solver step
6.254194315045e-3,8.970042056285e-2,toy every solver step
6.259869583275e-3,8.971105343563e-2,toy every solver step
6.265555828732e-3,8.977444399612e-2,toy every solver step
6.271245995160e-3,8.997462474704e-2,toy every solver step
6.276932058270e-3,9.019878198591e-2,toy every solver step
6.282607008961e-3,9.052497448769e-2,toy every solver step
6.288263943797e-3,9.079784546813e-2,toy every solver step
6.293896567091e-3,9.107769446328e-2,toy every solver step
6.299499612491e-3,9.139838698969e-2,toy every solver step
6.305069143072e-3,9.172864900733e-2,toy every solver step
6.310451210565e-3,9.195129700322e-2,toy every solver step
6.315654171766e-3,9.210239755903e-2,toy every solver step
6.320693457492e-3,9.220321794160e-2,toy every solver step
6.325584326919e-3,9.229271436413e-2,toy every solver step
6.330341900453e-3,9.233945315895e-2,toy every solver step
6.334977892805e-3,9.238831377515e-2,toy every solver step
6.339366113284e-3,9.235619569049e-2,toy every solver step
6.343520729146e-3,9.229652064523e-2,toy every solver step
6.347455155842e-3,9.212945913136e-2,toy every solver step
6.351182091757e-3,9.194060034608e-2,toy every solver step
6.354713552677e-3,9.180185828258e-2,toy every solver step
6.358060905685e-3,9.174503207804e-2,toy every solver step
6.361234902239e-3,9.176269854853e-2,toy every solver step
6.364245710307e-3,9.185213033136e-2,toy every solver step
6.367102945464e-3,9.198720238466e-2,toy every solver step
6.369815700876e-3,9.212154415765e-2,toy every solver step
6.372392576152e-3,9.222439006097e-2,toy every solver step
6.374841705012e-3,9.229810235387e-2,toy every solver step
6.377170781773e-3,9.233028717096e-2,toy every solver step
6.379387086642e-3,9.234055704886e-2,toy every solver step
6.381497509817e-3,9.234958373368e-2,toy every solver step
6.383508574442e-3,9.232224888107e-2,toy every solver step
6.385427268111e-3,9.229253794519e-2,toy every solver step
6.387260120987e-3,9.228380978618e-2,toy every solver step
6.389013224649e-3,9.228680713209e-2,toy every solver step
6.390692254521e-3,9.229687142172e-2,toy every solver step
6.392302494274e-3,9.231643293104e-2,toy every solver step
6.393848861011e-3,9.234233037973e-2,toy every solver step
6.395335930424e-3,9.238330347809e-2,toy every solver step
6.396767961338e-3,9.242972648525e-2,toy every solver step
6.398148919266e-3,9.248370233539e-2,toy every solver step
6.399482498746e-3,9.253814303042e-2,toy every solver step
6.400772144319e-3,9.259657635013e-2,toy every solver step
6.402021070099e-3,9.266704032100e-2,toy every solver step
6.403232277928e-3,9.274385924985e-2,toy every solver step
6.404408574142e-3,9.282044079306e-2,toy every solver step
6.405552585015e-3,9.289416998288e-2,toy every solver step
6.406666770934e-3,9.296554942176e-2,toy every solver step
6.407753439395e-3,9.303628084153e-2,toy every solver step
6.408814756897e-3,9.310184055955e-2,toy every solver step
6.409852759811e-3,9.315987546445e-2,toy every solver step
6.410869364307e-3,9.321243989988e-2,toy every solver step
6.411866375416e-3,9.326324703061e-2,toy every solver step
6.412845495300e-3,9.331511961172e-2,toy every solver step
6.413808330788e-3,9.336458971654e-2,toy every solver step
6.414756400254e-3,9.341404068076e-2,toy every solver step
6.415691139889e-3,9.346054880769e-2,toy every solver step
6.416613909414e-3,9.349968700421e-2,toy every solver step
6.417525997300e-3,9.353760511632e-2,toy every solver step
6.418428625516e-3,9.357199830669e-2,toy every solver step
6.419322953872e-3,9.360596290127e-2,toy every solver step
6.420210083977e-3,9.364359054283e-2,toy every solver step
6.421091062843e-3,9.367914726373e-2,toy every solver step
6.421966886189e-3,9.371486030893e-2,toy every solver step
6.422838501446e-3,9.374768885797e-2,toy every solver step
6.423706810508e-3,9.378016975329e-2,toy every solver step
6.424572672247e-3,9.381106541331e-2,toy every solver step
6.425436904808e-3,9.383636098480e-2,toy every solver step
6.426300287716e-3,9.386315823949e-2,toy every solver step
6.427163563801e-3,9.388615319251e-2,toy every solver step
6.428027440975e-3,9.390529359383e-2,toy every solver step
6.428892593850e-3,9.392142459748e-2,toy every solver step
6.429759665246e-3,9.393887131126e-2,toy every solver step
6.430629267570e-3,9.395684732486e-2,toy every solver step
6.431501984105e-3,9.397790166727e-2,toy every solver step
6.432378370201e-3,9.399725745514e-2,toy every solver step
6.433258954395e-3,9.401769664068e-2,toy every solver step
6.434144239462e-3,9.403028055080e-2,toy every solver step
6.435034703410e-3,9.403928670922e-2,toy every solver step
6.435930800423e-3,9.404593245281e-2,toy every solver step
6.436832961775e-3,9.405310491680e-2,toy every solver step
6.437741596707e-3,9.405827298353e-2,toy every solver step
6.438657093291e-3,9.406191517870e-2,toy every solver step
6.439579819272e-3,9.406127366012e-2,toy every solver step
6.440510122912e-3,9.405888293905e-2,toy every solver step
6.441448333838e-3,9.405693184037e-2,toy every solver step
6.442394763891e-3,9.405151940604e-2,toy every solver step
6.443349707998e-3,9.404168043044e-2,toy every solver step
6.444313445068e-3,9.402881634490e-2,toy every solver step
6.445286238910e-3,9.401709022602e-2,toy every solver step
6.446268339192e-3,9.400801229673e-2,toy every solver step
6.447260045045e-3,9.399454701445e-2,toy every solver step
6.448261653330e-3,9.397828518995e-2,toy every solver step
6.449273455795e-3,9.396523075745e-2,toy every solver step
6.450295739243e-3,9.395170448843e-2,toy every solver step
6.451328785690e-3,9.393086766099e-2,toy every solver step
6.452372872540e-3,9.391334928071e-2,toy every solver step
6.453428272762e-3,9.389465941481e-2,toy every solver step
6.454495255072e-3,9.387866301710e-2,toy every solver step
6.455574084134e-3,9.386003875746e-2,toy every solver step
6.456665020761e-3,9.384061981009e-2,toy every solver step
6.457768322134e-3,9.382493396491e-2,toy every solver step
6.458884242043e-3,9.380796322690e-2,toy every solver step
6.460013031133e-3,9.378830687651e-2,toy every solver step
6.461154937172e-3,9.377224527015e-2,toy every solver step
6.462310205344e-3,9.375991398699e-2,toy every solver step
6.463479078557e-3,9.374898300577e-2,toy every solver step
6.464661797774e-3,9.373769026822e-2,toy every solver step
6.465858602368e-3,9.373185661723e-2,toy every solver step
6.467069730502e-3,9.372962054973e-2,toy every solver step
6.468295419534e-3,9.373290652685e-2,toy every solver step
6.469535906447e-3,9.373676686266e-2,toy every solver step
6.470791428305e-3,9.374338050299e-2,toy every solver step
6.472062222737e-3,9.374787746315e-2,toy every solver step
6.473348528443e-3,9.375428901349e-2,toy every solver step
6.474650585737e-3,9.377387278037e-2,toy every solver step
6.475968637097e-3,9.379868182592e-2,toy every solver step
6.477302927742e-3,9.383400434836e-2,toy every solver step
6.478653706209e-3,9.387581182503e-2,toy every solver step
6.480021224959e-3,9.393196666808e-2,toy every solver step
6.481405740999e-3,9.399473774771e-2,toy every solver step
6.482807516505e-3,9.405221521588e-2,toy every solver step
6.484226819468e-3,9.411470875367e-2,toy every solver step
6.485663924334e-3,9.417913727246e-2,toy every solver step
6.487119112648e-3,9.424227830885e-2,toy every solver step
6.488592673691e-3,9.431036947488e-2,toy every solver step
6.490084905109e-3,9.438347466558e-2,toy every solver step
6.491596113522e-3,9.445460302589e-2,toy every solver step
6.493126615104e-3,9.452428083276e-2,toy every solver step
6.494676736138e-3,9.459941576316e-2,toy every solver step
6.496246813524e-3,9.466875558370e-2,toy every solver step
6.497837195238e-3,9.474171838573e-2,toy every solver step
6.499448240750e-3,9.481628844026e-2,toy every solver step
6.501080321366e-3,9.490794721223e-2,toy every solver step
6.502733820499e-3,9.502349107293e-2,toy every solver step
6.504409133831e-3,9.514905380981e-2,toy every solver step
6.506106669389e-3,9.528673233628e-2,toy every solver step
6.507826847494e-3,9.543544848336e-2,toy every solver step
6.509570100591e-3,9.557793552967e-2,toy every solver step
6.511336872941e-3,9.570820837512e-2,toy every solver step
6.513127620168e-3,9.583809668751e-2,toy every solver step
6.514942808658e-3,9.596518990641e-2,toy every solver step
6.516782914794e-3,9.609331654708e-2,toy every solver step
6.518648424081e-3,9.620279384176e-2,toy every solver step
6.520539830069e-3,9.630494228536e-2,toy every solver step
6.522457633134e-3,9.641955477328e-2,toy every solver step
6.524402339103e-3,9.652063304802e-2,toy every solver step
6.526374457743e-3,9.662595780268e-2,toy every solver step
6.528374501128e-3,9.671773498396e-2,toy every solver step
6.530402981885e-3,9.681655264152e-2,toy every solver step
6.532460411364e-3,9.694026840601e-2,toy every solver step
6.534547297727e-3,9.707333567149e-2,toy every solver step
6.536664144017e-3,9.721032757455e-2,toy every solver step
6.538811446212e-3,9.736300897612e-2,toy every solver step
6.540989691337e-3,9.751764936883e-2,toy every solver step
6.543199355639e-3,9.767057420687e-2,toy every solver step
6.545440902905e-3,9.781336912624e-2,toy every solver step
6.547714782959e-3,9.795791531200e-2,toy every solver step
6.550021430392e-3,9.809440288813e-2,toy every solver step
6.552361263580e-3,9.820386934783e-2,toy every solver step
6.554734684039e-3,9.828277884562e-2,toy every solver step
6.557142076162e-3,9.834956494324e-2,toy every solver step
6.559583807385e-3,9.841903387530e-2,toy every solver step
6.562060228844e-3,9.847055151937e-2,toy every solver step
6.564571676548e-3,9.851353470908e-2,toy every solver step
6.567118473074e-3,9.855824196969e-2,toy every solver step
6.569662191622e-3,9.858676693962e-2,toy every solver step
6.572097219789e-3,9.860971919191e-2,toy every solver step
6.574428209057e-3,9.862596043609e-2,toy every solver step
6.576659729267e-3,9.863751503913e-2,toy every solver step
6.578796267333e-3,9.863445730376e-2,toy every solver step
6.580842225501e-3,9.862259197745e-2,toy every solver step
6.582801919431e-3,9.859559733733e-2,toy every solver step
6.584679576338e-3,9.856851237461e-2,toy every solver step
6.586479333375e-3,9.853183189569e-2,toy every solver step
6.588205236384e-3,9.849517218240e-2,toy every solver step
6.589861239103e-3,9.845404431948e-2,toy every solver step
6.591451202872e-3,9.843024513797e-2,toy every solver step
6.592978896892e-3,9.840907202347e-2,toy every solver step
6.594447999000e-3,9.838718486171e-2,toy every solver step
6.595862096988e-3,9.836361094975e-2,toy every solver step
6.597224690418e-3,9.834693864202e-2,toy every solver step
6.598539192908e-3,9.832499510017e-2,toy every solver step
6.599808934859e-3,9.830965383375e-2,toy every solver step
6.601037166575e-3,9.829342575391e-2,toy every solver step
6.602227061748e-3,9.828909361571e-2,toy every solver step
6.603381721264e-3,9.828955233019e-2,toy every solver step
6.604504177305e-3,9.829126971993e-2,toy every solver step
6.605597397697e-3,9.828926140992e-2,toy every solver step
6.606664290512e-3,9.828661210122e-2,toy every solver step
6.607707708857e-3,9.828509026595e-2,toy every solver step
6.608730455874e-3,9.827783417780e-2,toy every solver step
6.609735289907e-3,9.827358434616e-2,toy every solver step
6.610724929840e-3,9.826913319902e-2,toy every solver step
6.611702060591e-3,9.826208032705e-2,toy every solver step
6.612669338765e-3,9.826026512756e-2,toy every solver step
6.613629398458e-3,9.826442785107e-2,toy every solver step
6.614584857215e-3,9.826919488517e-2,toy every solver step
6.615538322135e-3,9.828002857447e-2,toy every solver step
6.616492396136e-3,9.829681226000e-2,toy every solver step
6.617449684376e-3,9.831763447476e-2,toy every solver step
6.618412800828e-3,9.834657313800e-2,toy every solver step
6.619384375010e-3,9.837399890420e-2,toy every solver step
6.620367058886e-3,9.840971482274e-2,toy every solver step
6.621363533906e-3,9.845047768393e-2,toy every solver step
6.622376518227e-3,9.849364324181e-2,toy every solver step
6.623408774066e-3,9.853732311584e-2,toy every solver step
6.624463115228e-3,9.858140532542e-2,toy every solver step
6.625542414773e-3,9.862341451086e-2,toy every solver step
6.626649612832e-3,9.866893133990e-2,toy every solver step
6.627787724568e-3,9.871976553344e-2,toy every solver step
6.628959848271e-3,9.876995913909e-2,toy every solver step
6.630169173576e-3,9.881521535390e-2,toy every solver step
6.631418989799e-3,9.885585643095e-2,toy every solver step
6.632712694372e-3,9.889343487805e-2,toy every solver step
6.634053801359e-3,9.892379667899e-2,toy every solver step
6.635445950019e-3,9.895177198918e-2,toy every solver step
6.636892913410e-3,9.897727669790e-2,toy every solver step
6.638398606964e-3,9.899401613968e-2,toy every solver step
6.639967097015e-3,9.900903259391e-2,toy every solver step
6.641602609205e-3,9.900818560611e-2,toy every solver step
6.643309536720e-3,9.900034173056e-2,toy every solver step
6.645092448268e-3,9.898567572377e-2,toy every solver step
6.646956095718e-3,9.898564194789e-2,toy every solver step
6.648905421313e-3,9.898180387829e-2,toy every solver step
6.650945564333e-3,9.897734945430e-2,toy every solver step
6.653081867120e-3,9.897710748676e-2,toy every solver step
6.655319880331e-3,9.896813440590e-2,toy every solver step
6.657665367314e-3,9.895713903761e-2,toy every solver step
6.660124307492e-3,9.893926822660e-2,toy every solver step
6.662702898663e-3,9.889968898287e-2,toy every solver step
6.665407558150e-3,9.883310286473e-2,toy every solver step
6.668244922756e-3,9.872495020657e-2,toy every solver step
6.671221847542e-3,9.858921024010e-2,toy every solver step
6.674345403501e-3,9.845206344884e-2,toy every solver step
6.677622874257e-3,9.832439270631e-2,toy every solver step
6.681061752032e-3,9.821927813477e-2,toy every solver step
6.684669733157e-3,9.809057963169e-2,toy every solver step
6.688454713506e-3,9.794311697762e-2,toy every solver step
6.692424784261e-3,9.778687180583e-2,toy every solver step
6.696588228408e-3,9.765973682822e-2,toy every solver step
6.700871386200e-3,9.758519633192e-2,toy every solver step
6.705201640298e-3,9.753510081148e-2,toy every solver step
6.709578275589e-3,9.755793063963e-2,toy every solver step
6.714000575200e-3,9.757315318047e-2,toy every solver step
6.718467846434e-3,9.762431505105e-2,toy every solver step
6.722979447618e-3,9.767424914086e-2,toy every solver step
6.727534815076e-3,9.763044791375e-2,toy every solver step
6.732133489390e-3,9.753101929495e-2,toy every solver step
6.736775140096e-3,9.733007740639e-2,toy every solver step
6.741459587992e-3,9.702141488778e-2,toy every solver step
6.746186824300e-3,9.676424068181e-2,toy every solver step
6.750957026045e-3,9.658735144164e-2,toy every solver step
6.755770567177e-3,9.652221109729e-2,toy every solver step
6.760628025178e-3,9.647040878747e-2,toy every solver step
6.765530183909e-3,9.647963686248e-2,toy every solver step
6.770478032119e-3,9.647147498374e-2,toy every solver step
6.775472758188e-3,9.648893926827e-2,toy every solver step
6.780515741933e-3,9.651810161650e-2,toy every solver step
6.785608544547e-3,9.660464702106e-2,toy every solver step
6.790727500203e-3,9.672285702226e-2,toy every solver step
6.795881706717e-3,9.678493525293e-2,toy every solver step
6.801081870386e-3,9.670092583438e-2,toy every solver step
6.806339723999e-3,9.660081342042e-2,toy every solver step
6.811667046567e-3,9.644818435131e-2,toy every solver step
6.817075685266e-3,9.630330603773e-2,toy every solver step
6.822571241855e-3,9.622341954236e-2,toy every solver step
6.828134489410e-3,9.604312881547e-2,toy every solver step
6.833768284987e-3,9.578458917613e-2,toy every solver step
6.839475594732e-3,9.556355416084e-2,toy every solver step
6.845259465793e-3,9.541365508812e-2,toy every solver step
6.851122982471e-3,9.517850457730e-2,toy every solver step
6.857069203481e-3,9.489361773900e-2,toy every solver step
6.863101078442e-3,9.449576516496e-2,toy every solver step
6.869221343623e-3,9.414988021468e-2,toy every solver step
6.875341266181e-3,9.373349494685e-2,toy every solver step
6.881272486725e-3,9.337847198577e-2,toy every solver step
6.887025254363e-3,9.285507065323e-2,toy every solver step
6.892609355680e-3,9.259722992822e-2,toy every solver step
6.897972173711e-3,9.242742914150e-2,toy every solver step
6.903103550407e-3,9.223980127675e-2,toy every solver step
6.908012806128e-3,9.193885839293e-2,toy every solver step
6.912709087530e-3,9.170726977435e-2,toy every solver step
6.917201335322e-3,9.149226505073e-2,toy every solver step
6.921498259326e-3,9.130309349614e-2,toy every solver step
6.925608319573e-3,9.117186899995e-2,toy every solver step
6.929539712435e-3,9.112486723058e-2,toy every solver step
6.933300360949e-3,9.102466993664e-2,toy every solver step
6.936897908654e-3,9.086512583505e-2,toy every solver step
6.940339716405e-3,9.061170413867e-2,toy every solver step
6.943632861659e-3,9.035173473725e-2,toy every solver step
6.946784139785e-3,9.013229408734e-2,toy every solver step
6.949800067170e-3,8.995882188199e-2,toy every solver step
6.952686885835e-3,8.975795093163e-2,toy every solver step
6.955450569270e-3,8.959416282334e-2,toy every solver step
6.958096829247e-3,8.945179062323e-2,toy every solver step
6.960631123410e-3,8.930573449893e-2,toy every solver step
6.963058663440e-3,8.914521767064e-2,toy every solver step
6.965384423649e-3,8.897004583238e-2,toy every solver step
6.967613149850e-3,8.881114892785e-2,toy every solver step
6.969749368402e-3,8.865333394478e-2,toy every solver step
6.971797395302e-3,8.847926287126e-2,toy every solver step
6.973761345269e-3,8.833134892049e-2,toy every solver step
6.975645140728e-3,8.819221779283e-2,toy every solver step
6.977452520647e-3,8.804886938137e-2,toy every solver step
6.979187049174e-3,8.791795551620e-2,toy every solver step
6.980852124053e-3,8.779529969572e-2,toy every solver step
6.982450984772e-3,8.770030982351e-2,toy every solver step
6.983986720440e-3,8.762715185083e-2,toy every solver step
6.985462277368e-3,8.757713338205e-2,toy every solver step
6.986880466359e-3,8.752621460196e-2,toy every solver step
6.988243969682e-3,8.746191722657e-2,toy every solver step
6.989555347759e-3,8.738409964091e-2,toy every solver step
6.990817045540e-3,8.731725270361e-2,toy every solver step
6.992031398584e-3,8.726221232328e-2,toy every solver step
6.993200638862e-3,8.720950365999e-2,toy every solver step
6.994326900265e-3,8.716512381232e-2,toy every solver step
6.995412223854e-3,8.712500130428e-2,toy every solver step
6.996458562843e-3,8.708548376246e-2,toy every solver step
6.997467787334e-3,8.704470454808e-2,toy every solver step
6.998441688813e-3,8.700485562134e-2,toy every solver step
6.999381984415e-3,8.696191812851e-2,toy every solver step
7.000290320981e-3,8.691780380478e-2,toy every solver step
7.001168278891e-3,8.687963031496e-2,toy every solver step
7.002017375724e-3,8.684293067525e-2,toy every solver step
7.002839069711e-3,8.680518569107e-2,toy every solver step
7.003634763027e-3,8.676911464684e-2,toy every solver step
7.004405804911e-3,8.673597597103e-2,toy every solver step
7.005153494628e-3,8.670064737212e-2,toy every solver step
7.005879084288e-3,8.666864358246e-2,toy every solver step
7.006583781523e-3,8.664088493744e-2,toy every solver step
7.007268752033e-3,8.661283940184e-2,toy every solver step
7.007935122007e-3,8.658742931773e-2,toy every solver step
7.008583980431e-3,8.656179191470e-2,toy every solver step
7.009216381287e-3,8.653746127823e-2,toy every solver step
7.009833345644e-3,8.651876735437e-2,toy every solver step
7.010435863664e-3,8.649095199544e-2,toy every solver step
7.011024896502e-3,8.646626368644e-2,toy every solver step
7.011601378139e-3,8.643557488376e-2,toy every solver step
7.012166217123e-3,8.640252109782e-2,toy every solver step
7.012720298243e-3,8.636645805524e-2,toy every solver step
7.013264484134e-3,8.632894810593e-2,toy every solver step
7.013799616811e-3,8.629287912977e-2,toy every solver step
7.014326519154e-3,8.625901613251e-2,toy every solver step
7.014845996329e-3,8.622904688058e-2,toy every solver step
7.015358837162e-3,8.620129903121e-2,toy every solver step
7.015865815460e-3,8.617504641943e-2,toy every solver step
7.016367691295e-3,8.614973178697e-2,toy every solver step
7.016865212240e-3,8.612486660662e-2,toy every solver step
7.017359114572e-3,8.610253932852e-2,toy every solver step
7.017850124435e-3,8.608152691543e-2,toy every solver step
7.018338958975e-3,8.606132444884e-2,toy every solver step
7.018826327440e-3,8.604304856917e-2,toy every solver step
7.019312932258e-3,8.602199272987e-2,toy every solver step
7.019799470083e-3,8.600011446564e-2,toy every solver step
7.020286632820e-3,8.597861246029e-2,toy every solver step
7.020775108625e-3,8.595682893438e-2,toy every solver step
7.021265582890e-3,8.593562737016e-2,toy every solver step
7.021758739198e-3,8.591457951408e-2,toy every solver step
7.022255260265e-3,8.589196819532e-2,toy every solver step
7.022755828865e-3,8.587137650865e-2,toy every solver step
7.023261128737e-3,8.585334859050e-2,toy every solver step
7.023771845467e-3,8.583421754128e-2,toy every solver step
7.024288667369e-3,8.581482697420e-2,toy every solver step
7.024812286333e-3,8.579676395999e-2,toy every solver step
7.025343398674e-3,8.578040481860e-2,toy every solver step
7.025882705950e-3,8.576322237391e-2,toy every solver step
7.026430915774e-3,8.574622787263e-2,toy every solver step
7.026988742610e-3,8.572980464397e-2,toy every solver step
7.027556908547e-3,8.571299149874e-2,toy every solver step
7.028136144063e-3,8.569379958345e-2,toy every solver step
7.028727188770e-3,8.567746749141e-2,toy every solver step
7.029330792141e-3,8.566335689878e-2,toy every solver step
7.029947714224e-3,8.564946247351e-2,toy every solver step
7.030578726331e-3,8.563436011794e-2,toy every solver step
7.031224611713e-3,8.561916062201e-2,toy every solver step
7.031886166214e-3,8.560781945164e-2,toy every solver step
7.032564198905e-3,8.559405320822e-2,toy every solver step
7.033259532693e-3,8.558089011711e-2,toy every solver step
7.033973004909e-3,8.556875957587e-2,toy every solver step
7.034705467872e-3,8.556010400272e-2,toy every solver step
7.035457789422e-3,8.554790248001e-2,toy every solver step
7.036230853432e-3,8.553823570119e-2,toy every solver step
7.037025560282e-3,8.553215384343e-2,toy every solver step
7.037842827310e-3,8.552132190733e-2,toy every solver step
7.038683589218e-3,8.550932582086e-2,toy every solver step
7.039548798449e-3,8.549317318991e-2,toy every solver step
7.040439425521e-3,8.547605242540e-2,toy every solver step
7.041356459324e-3,8.546286118481e-2,toy every solver step
7.042300907360e-3,8.544735421141e-2,toy every solver step
7.043273795950e-3,8.543688074187e-2,toy every solver step
7.044276170377e-3,8.543302532526e-2,toy every solver step
7.045309094980e-3,8.542570467814e-2,toy every solver step
7.046373653187e-3,8.541323316348e-2,toy every solver step
7.047470947488e-3,8.540594386953e-2,toy every solver step
7.048602099338e-3,8.540907007710e-2,toy every solver step
7.049768248990e-3,8.540788098249e-2,toy every solver step
7.050970555255e-3,8.540284203238e-2,toy every solver step
7.052210195179e-3,8.540381858395e-2,toy every solver step
7.053488363640e-3,8.540019854596e-2,toy every solver step
7.054806272848e-3,8.540511442574e-2,toy every solver step
7.056165151762e-3,8.539089744201e-2,toy every solver step
7.057566245396e-3,8.537811549869e-2,toy every solver step
7.059010814027e-3,8.537653827286e-2,toy every solver step
7.060500132288e-3,8.537341394930e-2,toy every solver step
7.062035488147e-3,8.536153346299e-2,toy every solver step
7.063618181763e-3,8.531869035339e-2,toy every solver step
7.065249524202e-3,8.526192615557e-2,toy every solver step
7.066930836032e-3,8.520697618490e-2,toy every solver step
7.068663445754e-3,8.514542411829e-2,toy every solver step
7.070448688090e-3,8.507846609176e-2,toy every solver step
7.072287902100e-3,8.503508905942e-2,toy every solver step
7.074182429124e-3,8.495339661268e-2,toy every solver step
7.076133610536e-3,8.489332193197e-2,toy every solver step
7.078142785293e-3,8.482759637860e-2,toy every solver step
7.080211287270e-3,8.475963071784e-2,toy every solver step
7.082340442353e-3,8.468692549229e-2,toy every solver step
7.084531565277e-3,8.459952662987e-2,toy every solver step
7.086785956185e-3,8.452189991537e-2,toy every solver step
7.089104896883e-3,8.444770304816e-2,toy every solver step
7.091489646753e-3,8.439507373575e-2,toy every solver step
7.093941438307e-3,8.434810109549e-2,toy every solver step
7.096461472330e-3,8.431144003832e-2,toy every solver step
7.099050912593e-3,8.426800758160e-2,toy every solver step
7.101710880069e-3,8.422877277810e-2,toy every solver step
7.104343166908e-3,8.418652527938e-2,toy every solver step
7.106864208039e-3,8.416012796307e-2,toy every solver step
7.109280965264e-3,8.410555532155e-2,toy every solver step
7.111599925549e-3,8.405048700841e-2,toy every solver step
7.113827144006e-3,8.397407619272e-2,toy every solver step
7.115968282405e-3,8.388414638168e-2,toy every solver step
7.118028643764e-3,8.380553474345e-2,toy every solver step
7.120013203425e-3,8.373642603523e-2,toy every solver step
7.121926637044e-3,8.368974309491e-2,toy every solver step
7.123773345822e-3,8.365793561327e-2,toy every solver step
7.125557479301e-3,8.364826217240e-2,toy every solver step
7.127282955980e-3,8.363109760200e-2,toy every solver step
7.128953482004e-3,8.361200768628e-2,toy every solver step
7.130572568125e-3,8.357012223210e-2,toy every solver step
7.132143545128e-3,8.353562860184e-2,toy every solver step
7.133669577878e-3,8.349931081464e-2,toy every solver step
7.135153678140e-3,8.348936816466e-2,toy every solver step
7.136598716287e-3,8.348249349065e-2,toy every solver step
7.138007432026e-3,8.347119090651e-2,toy every solver step
7.139382444226e-3,8.344569338844e-2,toy every solver step
7.140726259942e-3,8.341991549133e-2,toy every solver step
7.142041282712e-3,8.338571458914e-2,toy every solver step
7.143329820202e-3,8.334240015784e-2,toy every solver step
7.144594091251e-3,8.330983304551e-2,toy every solver step
7.145836232381e-3,8.328972664448e-2,toy every solver step
7.147058303805e-3,8.326837414672e-2,toy every solver step
7.148262295006e-3,8.324866012370e-2,toy every solver step
7.149450129886e-3,8.324683039067e-2,toy every solver step
7.150623671557e-3,8.326109234861e-2,toy every solver step
7.151784726779e-3,8.327409680945e-2,toy every solver step
7.152935050085e-3,8.328736444349e-2,toy every solver step
7.154076347614e-3,8.330605184404e-2,toy every solver step
7.155210280675e-3,8.333424546063e-2,toy every solver step
7.156338469053e-3,8.336985736887e-2,toy every solver step
7.157462494091e-3,8.340119658476e-2,toy every solver step
7.158583901545e-3,8.343171581112e-2,toy every solver step
7.159704204235e-3,8.344725622730e-2,toy every solver step
7.160824884499e-3,8.345780921416e-2,toy every solver step
7.161947396468e-3,8.346529553900e-2,toy every solver step
7.163073168157e-3,8.346562217934e-2,toy every solver step
7.164203603392e-3,8.347477109287e-2,toy every solver step
7.165340083571e-3,8.348087369268e-2,toy every solver step
7.166483969271e-3,8.349405843098e-2,toy every solver step
7.167636601701e-3,8.351277396124e-2,toy every solver step
7.168799304004e-3,8.352684841957e-2,toy every solver step
7.169973382414e-3,8.353620015328e-2,toy every solver step
7.171160127273e-3,8.354094887143e-2,toy every solver step
7.172360813902e-3,8.354526986087e-2,toy every solver step
7.173576703332e-3,8.355907028911e-2,toy every solver step
7.174809042901e-3,8.357029829243e-2,toy every solver step
7.176059066709e-3,8.359036211031e-2,toy every solver step
7.177327995941e-3,8.360875635849e-2,toy every solver step
7.178617039047e-3,8.364786905789e-2,toy every solver step
7.179927391796e-3,8.368574621050e-2,toy every solver step
7.181260237186e-3,8.371923075092e-2,toy every solver step
7.182616745233e-3,8.375988086728e-2,toy every solver step
7.183998072611e-3,8.380202961630e-2,toy every solver step
7.185405362181e-3,8.385747907593e-2,toy every solver step
7.186839742377e-3,8.391613053403e-2,toy every solver step
7.188302326474e-3,8.395600212064e-2,toy every solver step
7.189775493478e-3,8.399267942611e-2,toy every solver step
7.191236161109e-3,8.402014234687e-2,toy every solver step
7.192685077199e-3,8.403990921888e-2,toy every solver step
7.194122972180e-3,8.405895153501e-2,toy every solver step
7.195550559122e-3,8.406069410641e-2,toy every solver step
7.196968533785e-3,8.404564111019e-2,toy every solver step
7.198377574660e-3,8.403031099679e-2,toy every solver step
7.199778343012e-3,8.400899202531e-2,toy every solver step
7.201171482936e-3,8.397497436487e-2,toy every solver step
7.202557621395e-3,8.393733227578e-2,toy every solver step
7.203937368274e-3,8.389607421506e-2,toy every solver step
7.205311316427e-3,8.384370006532e-2,toy every solver step
7.206680041724e-3,8.379447707192e-2,toy every solver step
7.208044103103e-3,8.374466235859e-2,toy every solver step
7.209404042618e-3,8.368596490343e-2,toy every solver step
7.210760385489e-3,8.361039925398e-2,toy every solver step
7.212113640150e-3,8.351751876056e-2,toy every solver step
7.213464298302e-3,8.342397751477e-2,toy every solver step
7.214812834962e-3,8.332644178582e-2,toy every solver step
7.216159708516e-3,8.321974597936e-2,toy every solver step
7.217505360773e-3,8.310843611784e-2,toy every solver step
7.218850217018e-3,8.299323038978e-2,toy every solver step
7.220194686072e-3,8.287425429611e-2,toy every solver step
7.221539160352e-3,8.274910582402e-2,toy every solver step
7.222884015936e-3,8.262939469848e-2,toy every solver step
7.224229612631e-3,8.249962384672e-2,toy every solver step
7.225576294049e-3,8.237856849028e-2,toy every solver step
7.226924387688e-3,8.226060127946e-2,toy every solver step
7.228274205018e-3,8.214788164372e-2,toy every solver step
7.229626041577e-3,8.204640211452e-2,toy every solver step
7.230980177080e-3,8.195794888787e-2,toy every solver step
7.232336875528e-3,8.187991264623e-2,toy every solver step
7.233696385341e-3,8.179985322694e-2,toy every solver step
7.235058939490e-3,8.173353919601e-2,toy every solver step
7.236424755653e-3,8.167153446581e-2,toy every solver step
7.237794036376e-3,8.159345230124e-2,toy every solver step
7.239166969256e-3,8.151945372147e-2,toy every solver step
7.240543727136e-3,8.142355371013e-2,toy every solver step
7.241924468316e-3,8.132744026043e-2,toy every solver step
7.243309336783e-3,8.124442131372e-2,toy every solver step
7.244698462458e-3,8.117348565011e-2,toy every solver step
7.246091961461e-3,8.110558854017e-2,toy every solver step
7.247489936394e-3,8.104713190549e-2,toy every solver step
7.248892476647e-3,8.099053428100e-2,toy every solver step
7.250299658717e-3,8.092877552151e-2,toy every solver step
7.251711546552e-3,8.086958917525e-2,toy every solver step
7.253128191910e-3,8.081610238402e-2,toy every solver step
7.254549634743e-3,8.077282494095e-2,toy every solver step
7.255975903591e-3,8.071972425351e-2,toy every solver step
7.257407016003e-3,8.065510358255e-2,toy every solver step
7.258842978970e-3,8.058157490511e-2,toy every solver step
7.260283789381e-3,8.049059084374e-2,toy every solver step
7.261729434485e-3,8.038008590729e-2,toy every solver step
7.263179892381e-3,8.026699342499e-2,toy every solver step
7.264635132514e-3,8.016033214448e-2,toy every solver step
7.266095116183e-3,8.004039229742e-2,toy every solver step
7.267559797069e-3,7.992241409011e-2,toy every solver step
7.269029121761e-3,7.980572214372e-2,toy every solver step
7.270503030304e-3,7.968933042538e-2,toy every solver step
7.271981456742e-3,7.958594386924e-2,toy every solver step
7.273464329674e-3,7.948994166014e-2,toy every solver step
7.274951572814e-3,7.941429997268e-2,toy every solver step
7.276443105546e-3,7.935596913752e-2,toy every solver step
7.277938843486e-3,7.930019053187e-2,toy every solver step
7.279438699043e-3,7.926775140681e-2,toy every solver step
7.280942581970e-3,7.923561185256e-2,toy every solver step
7.282450399914e-3,7.919823466672e-2,toy every solver step
7.283962058966e-3,7.915587030231e-2,toy every solver step
7.285477464186e-3,7.910813632484e-2,toy every solver step
7.286996520136e-3,7.905316770800e-2,toy every solver step
7.288519131391e-3,7.900412393291e-2,toy every solver step
7.290045203038e-3,7.896072422773e-2,toy every solver step
7.291574641164e-3,7.892739240567e-2,toy every solver step
7.293107353328e-3,7.889800403925e-2,toy every solver step
7.294643249012e-3,7.886432954636e-2,toy every solver step
7.296182240059e-3,7.882861143018e-2,toy every solver step
7.297724241090e-3,7.880008906166e-2,toy every solver step
7.299269169902e-3,7.877995367784e-2,toy every solver step
7.300816947846e-3,7.878282281194e-2,toy every solver step
7.302367500184e-3,7.879020789182e-2,toy every solver step
7.303920756424e-3,7.880617728945e-2,toy every solver step
7.305476650634e-3,7.885052337024e-2,toy every solver step
7.307035121735e-3,7.889932793745e-2,toy every solver step
7.308596113772e-3,7.895327946109e-2,toy every solver step
7.310159576159e-3,7.901079311496e-2,toy every solver step
7.311725463911e-3,7.905818374522e-2,toy every solver step
7.313293737844e-3,7.911339345702e-2,toy every solver step
7.314864364764e-3,7.917823608588e-2,toy every solver step
7.316437317626e-3,7.923749860656e-2,toy every solver step
7.318012575680e-3,7.931056851469e-2,toy every solver step
7.319590124590e-3,7.939786695626e-2,toy every solver step
7.321169956546e-3,7.949096061180e-2,toy every solver step
7.322752070341e-3,7.956641390173e-2,toy every solver step
7.324336471444e-3,7.963668493201e-2,toy every solver step
7.325923172051e-3,7.968682570784e-2,toy every solver step
7.327512191119e-3,7.973769395692e-2,toy every solver step
7.329103554386e-3,7.977972322132e-2,toy every solver step
7.330697294379e-3,7.980045922839e-2,toy every solver step
7.332293450405e-3,7.980366539773e-2,toy every solver step
7.333892068531e-3,7.980640634739e-2,toy every solver step
7.335493201557e-3,7.978682202447e-2,toy every solver step
7.337096908968e-3,7.976234439976e-2,toy every solver step
7.338703256890e-3,7.973025255910e-2,toy every solver step
7.340312318026e-3,7.968317257841e-2,toy every solver step
7.341924171595e-3,7.960796874146e-2,toy every solver step
7.343538903252e-3,7.952743869397e-2,toy every solver step
7.345156605018e-3,7.944921445536e-2,toy every solver step
7.346777375189e-3,7.937155544306e-2,toy every solver step
7.348401318256e-3,7.929489462164e-2,toy every solver step
7.350028544813e-3,7.923449402518e-2,toy every solver step
7.351659171466e-3,7.915354333840e-2,toy every solver step
7.353293320744e-3,7.908866986147e-2,toy every solver step
7.354931121007e-3,7.903290553495e-2,toy every solver step
7.356572706353e-3,7.898693817451e-2,toy every solver step
7.358218216534e-3,7.896732333907e-2,toy every solver step
7.359867796867e-3,7.896211592901e-2,toy every solver step
7.361521598156e-3,7.897150869136e-2,toy every solver step
7.363179776612e-3,7.897537389475e-2,toy every solver step
7.364842493783e-3,7.897686410222e-2,toy every solver step
7.366509916488e-3,7.897265534709e-2,toy every solver step
7.368182216760e-3,7.896964683755e-2,toy every solver step
7.369859571796e-3,7.895611549493e-2,toy every solver step
7.371542163918e-3,7.895097286534e-2,toy every solver step
7.373230180538e-3,7.894194443192e-2,toy every solver step
7.374923814145e-3,7.893792866490e-2,toy every solver step
7.376623262290e-3,7.893043082029e-2,toy every solver step
7.378328727601e-3,7.893253165721e-2,toy every solver step
7.380040417792e-3,7.889636291467e-2,toy every solver step
7.381694333643e-3,7.887179441948e-2,toy every solver step
7.383285138371e-3,7.884113940795e-2,toy every solver step
7.384815469139e-3,7.881532206626e-2,toy every solver step
7.386287908524e-3,7.879926419503e-2,toy every solver step
7.387704982526e-3,7.877937273200e-2,toy every solver step
7.389069158955e-3,7.873940616229e-2,toy every solver step
7.390382846199e-3,7.870344341174e-2,toy every solver step
7.391648392379e-3,7.867255902844e-2,toy every solver step
7.392868084878e-3,7.864668199029e-2,toy every solver step
7.394044150223e-3,7.861969930177e-2,toy every solver step
7.395178754294e-3,7.859407187850e-2,toy every solver step
7.396274002850e-3,7.856552654759e-2,toy every solver step
7.397331942324e-3,7.853316176075e-2,toy every solver step
7.398354560874e-3,7.850689285410e-2,toy every solver step
7.399343789647e-3,7.847875685738e-2,toy every solver step
7.400301504235e-3,7.845308665429e-2,toy every solver step
7.401229526286e-3,7.842015127054e-2,toy every solver step
7.402129625264e-3,7.838472720893e-2,toy every solver step
7.403003520300e-3,7.834678553098e-2,toy every solver step
7.403852882156e-3,7.831092988570e-2,toy every solver step
7.404679335237e-3,7.827331844801e-2,toy every solver step
7.405484459672e-3,7.823864979110e-2,toy every solver step
7.406269793422e-3,7.820935597332e-2,toy every solver step
7.407036834417e-3,7.818590612384e-2,toy every solver step
7.407787042701e-3,7.816539898206e-2,toy every solver step
7.408521842585e-3,7.814955087408e-2,toy every solver step
7.409242624785e-3,7.813676696218e-2,toy every solver step
7.409950748555e-3,7.812083146876e-2,toy every solver step
7.410647543793e-3,7.810466037511e-2,toy every solver step
7.411334313132e-3,7.809227988666e-2,toy every solver step
7.412012333993e-3,7.807856691883e-2,toy every solver step
7.412682860613e-3,7.806839192527e-2,toy every solver step
7.413347126035e-3,7.806031730692e-2,toy every solver step
7.414006344064e-3,7.805735433575e-2,toy every solver step
7.414661711179e-3,7.805648454060e-2,toy every solver step
7.415314408410e-3,7.805341284537e-2,toy every solver step
7.415965603164e-3,7.805310598047e-2,toy every solver step
7.416616451007e-3,7.805522280579e-2,toy every solver step
7.417268097399e-3,7.806097161176e-2,toy every solver step
7.417921679375e-3,7.807107477780e-2,toy every solver step
7.418578327167e-3,7.808407463663e-2,toy every solver step
7.419239165770e-3,7.809595761387e-2,toy every solver step
7.419905316442e-3,7.811077067621e-2,toy every solver step
7.420577898134e-3,7.812264011265e-2,toy every solver step
7.421258028844e-3,7.813253935052e-2,toy every solver step
7.421946826889e-3,7.814633797107e-2,toy every solver step
7.422645412092e-3,7.816236667885e-2,toy every solver step
7.423354906861e-3,7.817654945487e-2,toy every solver step
7.424076437177e-3,7.819054343534e-2,toy every solver step
7.424811133454e-3,7.820494474622e-2,toy every solver step
7.425560131279e-3,7.822449929031e-2,toy every solver step
7.426324572016e-3,7.824403303587e-2,toy every solver step
7.427105603257e-3,7.825230359809e-2,toy every solver step
7.427904379109e-3,7.825484128034e-2,toy every solver step
7.428722060309e-3,7.825408775335e-2,toy every solver step
7.429559814145e-3,7.825437415295e-2,toy every solver step
7.430418814160e-3,7.825278106562e-2,toy every solver step
7.431300239641e-3,7.825745875895e-2,toy every solver step
7.432205274859e-3,7.825947423400e-2,toy every solver step
7.433135108038e-3,7.826000621628e-2,toy every solver step
7.434090930060e-3,7.825721824490e-2,toy every solver step
7.435073932854e-3,7.824975074505e-2,toy every solver step
7.436085307472e-3,7.824049235192e-2,toy every solver step
7.437126241828e-3,7.822902740479e-2,toy every solver step
7.438197918081e-3,7.821668939505e-2,toy every solver step
7.439301509645e-3,7.821283587431e-2,toy every solver step
7.440438177809e-3,7.821015869073e-2,toy every solver step
7.441609067965e-3,7.821438813293e-2,toy every solver step
7.442815305430e-3,7.821995373277e-2,toy every solver step
7.444057990857e-3,7.822391524524e-2,toy every solver step
7.445338195256e-3,7.823631150620e-2,toy every solver step
7.446656954624e-3,7.825221700840e-2,toy every solver step
7.448015264211e-3,7.825916148029e-2,toy every solver step
7.449414072462e-3,7.827315994364e-2,toy every solver step
7.450854274669e-3,7.828790162328e-2,toy every solver step
7.452336706408e-3,7.829907745315e-2,toy every solver step
7.453849214978e-3,7.832113209541e-2,toy every solver step
7.455365060280e-3,7.834041325964e-2,toy every solver step
7.456885986562e-3,7.836274895383e-2,toy every solver step
7.458413747546e-3,7.839304864816e-2,toy every solver step
7.459950108217e-3,7.842357296561e-2,toy every solver step
7.461496846670e-3,7.844910668979e-2,toy every solver step
7.463055756007e-3,7.846164512909e-2,toy every solver step
7.464628646290e-3,7.846830749126e-2,toy every solver step
7.466217346547e-3,7.848529399141e-2,toy every solver step
7.467823706829e-3,7.848814812489e-2,toy every solver step
7.469449600324e-3,7.845918416258e-2,toy every solver step
7.471096925523e-3,7.839363451717e-2,toy every solver step
7.472767608445e-3,7.830529000673e-2,toy every solver step
7.474463604914e-3,7.820520953363e-2,toy every solver step
7.476186902892e-3,7.809026167696e-2,toy every solver step
7.477939524880e-3,7.797629703908e-2,toy every solver step
7.479723530365e-3,7.787788054318e-2,toy every solver step
7.481541018335e-3,7.778409156553e-2,toy every solver step
7.483394129857e-3,7.769622744898e-2,toy every solver step
7.485285050705e-3,7.761009774729e-2,toy every solver step
7.487216014061e-3,7.754842297473e-2,toy every solver step
7.489189303268e-3,7.749660641262e-2,toy every solver step
7.491207254639e-3,7.745975621247e-2,toy every solver step
7.493272260317e-3,7.745764728200e-2,toy every solver step
7.495386771186e-3,7.748680968140e-2,toy every solver step
7.497540517037e-3,7.754085762459e-2,toy every solver step
7.499712262111e-3,7.756735335323e-2,toy every solver step
7.501904337228e-3,7.762759054807e-2,toy every solver step
7.504119037341e-3,7.770031212916e-2,toy every solver step
7.506358615026e-3,7.778450370405e-2,toy every solver step
7.508625273817e-3,7.787989256480e-2,toy every solver step
7.510921161381e-3,7.798334522954e-2,toy every solver step
7.513248362823e-3,7.801815481989e-2,toy every solver step
7.515608893924e-3,7.802967164993e-2,toy every solver step
7.518004694376e-3,7.799974756891e-2,toy every solver step
7.520437621432e-3,7.795203431657e-2,toy every solver step
7.522909443752e-3,7.786342041891e-2,toy every solver step
7.525421835587e-3,7.773018566041e-2,toy every solver step
7.527976371406e-3,7.763318495221e-2,toy every solver step
7.530574521139e-3,7.758905788069e-2,toy every solver step
7.533217646180e-3,7.753849810318e-2,toy every solver step
7.535908090787e-3,7.746772288984e-2,toy every solver step
7.538649184971e-3,7.741223891301e-2,toy every solver step
7.541444283846e-3,7.739271280312e-2,toy every solver step
7.544296776640e-3,7.743104926011e-2,toy every solver step
7.547210095999e-3,7.751657661268e-2,toy every solver step
7.550187726615e-3,7.760221883766e-2,toy every solver step
7.553233211902e-3,7.771167109938e-2,toy every solver step
7.556343498738e-3,7.782021317855e-2,toy every solver step
7.559485113285e-3,7.788972485791e-2,toy every solver step
7.562658228814e-3,7.797644138958e-2,toy every solver step
7.565862961300e-3,7.806009621546e-2,toy every solver step
7.569047450271e-3,7.813364138381e-2,toy every solver step
7.572160536097e-3,7.827919889262e-2,toy every solver step
7.575204601850e-3,7.842584574018e-2,toy every solver step
7.578182167488e-3,7.860411759059e-2,toy every solver step
7.581095875199e-3,7.872651910408e-2,toy every solver step
7.583948476181e-3,7.880245744475e-2,toy every solver step
7.586742818782e-3,7.887870285058e-2,toy every solver step
7.589481837969e-3,7.892712571294e-2,toy every solver step
7.592168546060e-3,7.896034220141e-2,toy every solver step
7.594806024654e-3,7.896454831967e-2,toy every solver step
7.597397417696e-3,7.894496717019e-2,toy every solver step
7.599945925736e-3,7.890070094946e-2,toy every solver step
7.602454801168e-3,7.884886225363e-2,toy every solver step
7.604927344552e-3,7.877347269213e-2,toy every solver step
7.607366901779e-3,7.872848227219e-2,toy every solver step
7.609776862020e-3,7.872306587782e-2,toy every solver step
7.612160656426e-3,7.872570740602e-2,toy every solver step
7.614521757526e-3,7.877371504825e-2,toy every solver step
7.616863679304e-3,7.882756163893e-2,toy every solver step
7.619189977898e-3,7.887684179652e-2,toy every solver step
7.621504252917e-3,7.895850762880e-2,toy every solver step
7.623810149323e-3,7.899915662026e-2,toy every solver step
7.626111359867e-3,7.907435774735e-2,toy every solver step
7.628411628047e-3,7.914767500888e-2,toy every solver step
7.630714751576e-3,7.921378596844e-2,toy every solver step
7.633024586319e-3,7.925496475901e-2,toy every solver step
7.635345050693e-3,7.925731312336e-2,toy every solver step
7.637680130502e-3,7.925556977890e-2,toy every solver step
7.640033884172e-3,7.925474184640e-2,toy every solver step
7.642410448383e-3,7.921745644859e-2,toy every solver step
7.644814044043e-3,7.920759174700e-2,toy every solver step
7.647248982587e-3,7.918837892205e-2,toy every solver step
7.649719672560e-3,7.913730895081e-2,toy every solver step
7.652230626438e-3,7.908373263995e-2,toy every solver step
7.654786467635e-3,7.902715916455e-2,toy every solver step
7.657391937647e-3,7.899088380345e-2,toy every solver step
7.660051903243e-3,7.894592761906e-2,toy every solver step
7.662771363647e-3,7.892949707339e-2,toy every solver step
7.665555457588e-3,7.895908082427e-2,toy every solver step
7.668409470130e-3,7.901895008097e-2,toy every solver step
7.671338839138e-3,7.911832750152e-2,toy every solver step
7.674349161235e-3,7.923140611130e-2,toy every solver step
7.677446197077e-3,7.937274289647e-2,toy every solver step
7.680635875759e-3,7.954926477554e-2,toy every solver step
7.683924298123e-3,7.974316575496e-2,toy every solver step
7.687317738741e-3,7.990831936535e-2,toy every solver step
7.690698511125e-3,8.011707344149e-2,toy every solver step
7.694044684562e-3,8.026218669061e-2,toy every solver step
7.697355835007e-3,8.037921492557e-2,toy every solver step
7.700631773717e-3,8.052227460299e-2,toy every solver step
7.703872528221e-3,8.063443248745e-2,toy every solver step
7.707078322183e-3,8.078085239059e-2,toy every solver step
7.710249554909e-3,8.095429369885e-2,toy every solver step
7.713386781169e-3,8.114495934899e-2,toy every solver step
7.716490691836e-3,8.134427976110e-2,toy every solver step
7.719562095748e-3,8.159407770758e-2,toy every solver step
7.722601903052e-3,8.181208709771e-2,toy every solver step
7.725611110196e-3,8.203146810761e-2,toy every solver step
7.728590786295e-3,8.223515385121e-2,toy every solver step
7.731542061215e-3,8.246145795418e-2,toy every solver step
7.734466115342e-3,8.266362828274e-2,toy every solver step
7.737364170920e-3,8.283858591404e-2,toy every solver step
7.740237484850e-3,8.299808544133e-2,toy every solver step
7.743087342798e-3,8.314454845760e-2,toy every solver step
7.745915054461e-3,8.326511662628e-2,toy every solver step
7.748721949872e-3,8.335222424589e-2,toy every solver step
7.751509376565e-3,8.344292731567e-2,toy every solver step
7.754278697513e-3,8.348780359233e-2,toy every solver step
7.757031289684e-3,8.355691217302e-2,toy every solver step
7.759768543135e-3,8.360353293430e-2,toy every solver step
7.762491860539e-3,8.365768513294e-2,toy every solver step
7.765202657063e-3,8.372084419915e-2,toy every solver step
7.767902360540e-3,8.379953866529e-2,toy every solver step
7.770592411860e-3,8.394471128894e-2,toy every solver step
7.773274265539e-3,8.412672073502e-2,toy every solver step
7.775949390527e-3,8.430813349187e-2,toy every solver step
7.778619271102e-3,8.448403374085e-2,toy every solver step
7.781285407821e-3,8.464728771966e-2,toy every solver step
7.783949318499e-3,8.481058107188e-2,toy every solver step
7.786612539207e-3,8.498878694793e-2,toy every solver step
7.789276625257e-3,8.521030284685e-2,toy every solver step
7.791943152172e-3,8.544750474061e-2,toy every solver step
7.794613716633e-3,8.561153924952e-2,toy every solver step
7.797289937375e-3,8.578968385220e-2,toy every solver step
7.799973456052e-3,8.597638254966e-2,toy every solver step
7.802665938032e-3,8.623011003215e-2,toy every solver step
7.805369073144e-3,8.644872917749e-2,toy every solver step
7.808084576355e-3,8.663784923503e-2,toy every solver step
7.810814188370e-3,8.680291304920e-2,toy every solver step
7.813559676157e-3,8.693978584156e-2,toy every solver step
7.816322833386e-3,8.704717828810e-2,toy every solver step
7.819105480771e-3,8.713290762140e-2,toy every solver step
7.821909466320e-3,8.720098682241e-2,toy every solver step
7.824736665473e-3,8.725687113116e-2,toy every solver step
7.827588981128e-3,8.731873124784e-2,toy every solver step
7.830468343551e-3,8.737426638573e-2,toy every solver step
7.833376710156e-3,8.735382360883e-2,toy every solver step
7.836316065159e-3,8.725908957667e-2,toy every solver step
7.839288419093e-3,8.716976464881e-2,toy every solver step
7.842295808217e-3,8.709676377468e-2,toy every solver step
7.845340293786e-3,8.707395490703e-2,toy every solver step
7.848423961209e-3,8.707410863668e-2,toy every solver step
7.851548919084e-3,8.709615350874e-2,toy every solver step
7.854717298132e-3,8.709624170131e-2,toy every solver step
7.857931250050e-3,8.712760479119e-2,toy every solver step
7.861192946299e-3,8.723053948180e-2,toy every solver step
7.864504576862e-3,8.734087006355e-2,toy every solver step
7.867868349000e-3,8.743253045118e-2,toy every solver step
7.871286486057e-3,8.746962823011e-2,toy every solver step
7.874761226348e-3,8.750536236594e-2,toy every solver step
7.878294822199e-3,8.754420298719e-2,toy every solver step
7.881889539183e-3,8.761328626302e-2,toy every solver step
7.885547655627e-3,8.770140954347e-2,toy every solver step
7.889271462446e-3,8.789940767822e-2,toy every solver step
7.893063263315e-3,8.803764223284e-2,toy every solver step
7.896925375295e-3,8.814202237242e-2,toy every solver step
7.900860129946e-3,8.826880243255e-2,toy every solver step
7.904869875008e-3,8.837508449555e-2,toy every solver step
7.908956976651e-3,8.846275562246e-2,toy every solver step
7.913123822336e-3,8.855010105788e-2,toy every solver step
7.917372824268e-3,8.860840837084e-2,toy every solver step
7.921706423423e-3,8.867701940418e-2,toy every solver step
7.926127094088e-3,8.878244493842e-2,toy every solver step
7.930637348819e-3,8.894389894456e-2,toy every solver step
7.935239743687e-3,8.915553460334e-2,toy every solver step
7.939936883646e-3,8.928952344354e-2,toy every solver step
7.944731427802e-3,8.943299447857e-2,toy every solver step
7.949626094324e-3,8.955870022220e-2,toy every solver step
7.954623664692e-3,8.964066724604e-2,toy every solver step
7.959726986934e-3,8.966424937248e-2,toy every solver step
7.964938977462e-3,8.980859271612e-2,toy every solver step
7.970262621116e-3,8.993517746954e-2,toy every solver step
7.975700968992e-3,9.016757177152e-2,toy every solver step
7.981257133678e-3,9.044896353219e-2,toy every solver step
7.986934281567e-3,9.077353196675e-2,toy every solver step
7.992735622053e-3,9.089281607715e-2,toy every solver step
7.998664393592e-3,9.101535604020e-2,toy every solver step
8.004723846907e-3,9.097224613384e-2,toy every solver step
8.010917225981e-3,9.078219936413e-2,toy every solver step
8.017247747921e-3,9.060641657829e-2,toy every solver step
