# slow sphere, CFL step, kill off
t_s,lambda_eq,lambda_max,p_Pa,p_closed_Pa,V_mL
0.000000000000e+0,1.000000000000e+0,1.000000007451e+0,0.000000000000e+0,0.000000000000e+0,4.169284389479e+2
2.027264969261e-3,1.000480128733e+0,1.000520232563e+0,1.623071697201e+2,1.485438356706e+2,4.175292652994e+2
4.023797435755e-3,1.001001632340e+0,1.001081698970e+0,3.221538295326e+2,3.091628704784e+2,4.181825212627e+2
6.021292259934e-3,1.001521840980e+0,1.001626402059e+0,4.820775377597e+2,4.686339213840e+2,4.188348335880e+2
8.019769178153e-3,1.002044188402e+0,1.002164999410e+0,6.420798745364e+2,6.280113943442e+2,4.194905100120e+2
1.001924459808e-2,1.002569241709e+0,1.002701297334e+0,8.021621534952e+2,7.874615053069e+2,4.201502722618e+2
1.201973165263e-2,1.003097034428e+0,1.003237054294e+0,9.623254260863e+2,9.469863599809e+2,4.208141735819e+2
1.402124146851e-2,1.003627598756e+0,1.003773335534e+0,1.122570583137e+3,1.106587505923e+3,4.214822657856e+2
1.602378387805e-2,1.004160969198e+0,1.004310827204e+0,1.282898411845e+3,1.266267029458e+3,4.221546038387e+2
1.802736784063e-2,1.004697179200e+0,1.004849992224e+0,1.443309629517e+3,1.426026538087e+3,4.228312416235e+2
2.000017388252e-2,1.005227682128e+0,1.005382549969e+0,1.601256701025e+3,1.583329505620e+3,4.235013888461e+2
2.200584873004e-2,1.005769623180e+0,1.005925916177e+0,1.761835319418e+3,1.743251265790e+3,4.241867158132e+2
2.401258890337e-2,1.006314501407e+0,1.006471700167e+0,1.922499230074e+3,1.903256240084e+3,4.248765020371e+2
2.602040179734e-2,1.006862349660e+0,1.007020045085e+0,2.083249025039e+3,2.063345249489e+3,4.255708016627e+2
2.802929464490e-2,1.007413201080e+0,1.007571066821e+0,2.244085283398e+3,2.223519046402e+3,4.262696694599e+2
3.000736159334e-2,1.007958273397e+0,1.008116049444e+0,2.402453554337e+3,2.381233864557e+3,4.269619579860e+2
3.201841819875e-2,1.008515183050e+0,1.008672654691e+0,2.563463047779e+3,2.541577937475e+3,4.276700546673e+2
3.403057578603e-2,1.009075197096e+0,1.009232187395e+0,2.724560688183e+3,2.702008799352e+3,4.283828875268e+2
3.601187602315e-2,1.009629386740e+0,1.009785760003e+0,2.883187823130e+3,2.859978477060e+3,4.290890859417e+2
3.802623866794e-2,1.010195663962e+0,1.010351288463e+0,3.044462005156e+3,3.020583366225e+3,4.298114887000e+2
4.000972240171e-2,1.010756086383e+0,1.010910873009e+0,3.203263955515e+3,3.178725475822e+3,4.305272202908e+2
4.202631742763e-2,1.011328768124e+0,1.011482616368e+0,3.364716866748e+3,3.339506746240e+3,4.312594289893e+2
4.401201158783e-2,1.011895564591e+0,1.012048416251e+0,3.523695788576e+3,3.497823574992e+3,4.319849299764e+2
4.603086643782e-2,1.012474796683e+0,1.012626571926e+0,3.685329626158e+3,3.658783530388e+3,4.327271887692e+2
4.801879814114e-2,1.013048113037e+0,1.013198774716e+0,3.844487690474e+3,3.817277332646e+3,4.334627036163e+2
5.000784981465e-2,1.013624718854e+0,1.013774220193e+0,4.003735421999e+3,3.975859746688e+3,4.342032787161e+2
5.203013716880e-2,1.014214033060e+0,1.014362313431e+0,4.165644073206e+3,4.137091277905e+3,4.349610472055e+2
5.402146753406e-2,1.014797386119e+0,1.014945878141e+0,4.325074241667e+3,4.295854026459e+3,4.357120183622e+2
5.601393849439e-2,1.015384144281e+0,1.015533966355e+0,4.484595728608e+3,4.454707058425e+3,4.364682444920e+2
5.800755699687e-2,1.015974347211e+0,1.016125421590e+0,4.644209090229e+3,4.613650932432e+3,4.372297925313e+2
6.000233004884e-2,1.016568035263e+0,1.016720289838e+0,4.803914887551e+3,4.772686210223e+3,4.379967306523e+2
6.203046677392e-2,1.017174911111e+0,1.017328296292e+0,4.966291851906e+3,4.934380782392e+3,4.387816314478e+2
6.402758911311e-2,1.017775751209e+0,1.017930186182e+0,5.126185738189e+3,5.093602064922e+3,4.395596491380e+2
6.602588753263e-2,1.018380202494e+0,1.018535629096e+0,5.286173783978e+3,5.252916468763e+3,4.403432703404e+2
6.802536931181e-2,1.018988308269e+0,1.019144672140e+0,5.446256572072e+3,5.412324572297e+3,4.411325685229e+2
7.002604180447e-2,1.019600112617e+0,1.019757362867e+0,5.606434691235e+3,5.571826958884e+3,4.419276185589e+2
7.202791244148e-2,1.020215660423e+0,1.020373749334e+0,5.766708736397e+3,5.731424217141e+3,4.427284967643e+2
7.403098873315e-2,1.020834997393e+0,1.020993880156e+0,5.927079308851e+3,5.891116941215e+3,4.435352809354e+2
7.600294135442e-2,1.021448088221e+0,1.021607710896e+0,6.084958053678e+3,6.048327727079e+3,4.443348932905e+2
7.800843206239e-2,1.022075081016e+0,1.022235416351e+0,6.245521929465e+3,6.208211624489e+3,4.451536304067e+2
8.001515133048e-2,1.022706004448e+0,1.022867014998e+0,6.406184166402e+3,6.368192795804e+3,4.459785148102e+2
8.202310700890e-2,1.023340907709e+0,1.023502558128e+0,6.566945392996e+3,6.528271859537e+3,4.468096305926e+2
8.403230703895e-2,1.023979840926e+0,1.024142097808e+0,6.727806245042e+3,6.688449440868e+3,4.476470635317e+2
8.601032282391e-2,1.024612451327e+0,1.024775274039e+0,6.886170419724e+3,6.846140273246e+3,4.484772395700e+2
8.802201536098e-2,1.025259531595e+0,1.025422899706e+0,7.047230827214e+3,7.006515178401e+3,4.493274656718e+2
9.000249928495e-2,1.025900259393e+0,1.026064136379e+0,7.205792606384e+3,7.164401396248e+3,4.501704031271e+2
9.201671670960e-2,1.026555695541e+0,1.026720062998e+0,7.367055161774e+3,7.324976169030e+3,4.510337809311e+2
9.403221936561e-2,1.027215425326e+0,1.027380257638e+0,7.528420615536e+3,7.485652670968e+3,4.519039286290e+2
9.601647650094e-2,1.027868759193e+0,1.028034025089e+0,7.687284486079e+3,7.643837547140e+3,4.527667426671e+2
9.800199423068e-2,1.028526358322e+0,1.028692035362e+0,7.846249282507e+3,7.802122190003e+3,4.536362978650e+2
1.000213617776e-1,1.029199165850e+0,1.029365238867e+0,8.007924167699e+3,7.963104568939e+3,4.545271149340e+2
1.020094468057e-1,1.029865535873e+0,1.030032081366e+0,8.167094507527e+3,8.121592373683e+3,4.554105573298e+2
1.040314412833e-1,1.030547376597e+0,1.030715395568e+0,8.328979710413e+3,8.282782618559e+3,4.563156942117e+2
1.060221283572e-1,1.031222753076e+0,1.031392194241e+0,8.488358375586e+3,8.441476304723e+3,4.572134314017e+2
1.080141190455e-1,1.031902686521e+0,1.032073523656e+0,8.647841410924e+3,8.600273124591e+3,4.581184145059e+2
1.100074222329e-1,1.032587238473e+0,1.032759446375e+0,8.807429527750e+3,8.759173772607e+3,4.590307503717e+2
1.120020469216e-1,1.033276471741e+0,1.033450026182e+0,8.967123446790e+3,8.918178952089e+3,4.599505481665e+2
1.140307339497e-1,1.033981867028e+0,1.034156766222e+0,9.129544469578e+3,9.079898623862e+3,4.608931859825e+2
1.160280511726e-1,1.034680735999e+0,1.034856935690e+0,9.289453958669e+3,9.239116755972e+3,4.618283717427e+2
1.180267177885e-1,1.035384483758e+0,1.035561962432e+0,9.449471483052e+3,9.398441596882e+3,4.627713634683e+2
1.200267432980e-1,1.036093178559e+0,1.036271915527e+0,9.609597803357e+3,9.557873887627e+3,4.637222803458e+2
1.220281373326e-1,1.036806890110e+0,1.036986865482e+0,9.769833690711e+3,9.717414379171e+3,4.646812442441e+2
1.240309096580e-1,1.037525689617e+0,1.037706884266e+0,9.930179926969e+3,9.877063832613e+3,4.656483797952e+2
1.260022038407e-1,1.038237739624e+0,1.038420115618e+0,1.008800595580e+4,1.003420312750e+4,4.666077561434e+2
1.280077395919e-1,1.038966848437e+0,1.039150407922e+0,1.024857343784e+4,1.019407101165e+4,4.675914811121e+2
1.300146835969e-1,1.039701266987e+0,1.039885992956e+0,1.040925366770e+4,1.035405019106e+4,4.685837668468e+2
1.320230461859e-1,1.040441072891e+0,1.040626948995e+0,1.057004747243e+4,1.051414146951e+4,4.695847498474e+2
1.340328378388e-1,1.041186345497e+0,1.041373356025e+0,1.073095569106e+4,1.067434566212e+4,4.705945698267e+2
1.360110865183e-1,1.041924812235e+0,1.042112923857e+0,1.088933851178e+4,1.083203451127e+4,4.715965949954e+2
1.380237444888e-1,1.042681170487e+0,1.042870387162e+0,1.105047621393e+4,1.099246513895e+4,4.726243706142e+2
1.400048335276e-1,1.043430703472e+0,1.043620993482e+0,1.120908643989e+4,1.115037834514e+4,4.736443437695e+2
1.420204008951e-1,1.044198481208e+0,1.044389849161e+0,1.137045707459e+4,1.131103875435e+4,4.746906649967e+2
1.440043732964e-1,1.044959416299e+0,1.045151831979e+0,1.152929814872e+4,1.146917965671e+4,4.757291804046e+2
1.460228944364e-1,1.045738962829e+0,1.045932431459e+0,1.169090526876e+4,1.163007329163e+4,4.767946660697e+2
1.480097945079e-1,1.046511651574e+0,1.046706144340e+0,1.184998073843e+4,1.178844532757e+4,4.778523472998e+2
1.500313151533e-1,1.047303332661e+0,1.047498855372e+0,1.201182800530e+4,1.194957573460e+4,4.789376469938e+2
1.520211885698e-1,1.048088143304e+0,1.048284668459e+0,1.217114152732e+4,1.210818244439e+4,4.800151488646e+2
1.540125537515e-1,1.048879106819e+0,1.049076624332e+0,1.233057448326e+4,1.226690686742e+4,4.811027322148e+2
1.560054224614e-1,1.049676320378e+0,1.049874820592e+0,1.249012781489e+4,1.242574991418e+4,4.822005704928e+2
1.580330592930e-1,1.050493330590e+0,1.050692820413e+0,1.265246475670e+4,1.258736290381e+4,4.833274021685e+2
1.600289966597e-1,1.051303453620e+0,1.051503907925e+0,1.281226377155e+4,1.274644800160e+4,4.844464669525e+2
1.620264741825e-1,1.052120134363e+0,1.052321544720e+0,1.297218609459e+4,1.290565455538e+4,4.855763372706e+2
1.640255043978e-1,1.052943479897e+0,1.053145838260e+0,1.313223272952e+4,1.306498353352e+4,4.867172052438e+2
1.660261000466e-1,1.053773599976e+0,1.053976898678e+0,1.329240469639e+4,1.322443591971e+4,4.878692680525e+2
1.680282740795e-1,1.054610607121e+0,1.054814838863e+0,1.345270303208e+4,1.338401271327e+4,4.890327281145e+2
1.700320396626e-1,1.055454616713e+0,1.055659774558e+0,1.361312879068e+4,1.354371492957e+4,4.902077932711e+2
1.720039741154e-1,1.056291502586e+0,1.056497564676e+0,1.377100608090e+4,1.370087874737e+4,4.913747975599e+2
1.740109360964e-1,1.057149753453e+0,1.057356728924e+0,1.393168774995e+4,1.386083278771e+4,4.925735166441e+2
1.760195302398e-1,1.058015368995e+0,1.058223251943e+0,1.409250009342e+4,1.402091537927e+4,4.937844950696e+2
1.780297706256e-1,1.058888477019e+0,1.059097261874e+0,1.425344423857e+4,1.418112760538e+4,4.950079642993e+2
1.800081262096e-1,1.059754466677e+0,1.059964133293e+0,1.441183561829e+4,1.433879710742e+4,4.962234533590e+2
1.820216742648e-1,1.060642826386e+0,1.060853384825e+0,1.457304458253e+4,1.449926971870e+4,4.974724064980e+2
1.840033108229e-1,1.061524077541e+0,1.061735508445e+0,1.473169864406e+4,1.465719745034e+4,4.987134345026e+2
1.860202248879e-1,1.062428233171e+0,1.062640547065e+0,1.489317709824e+4,1.481793492695e+4,4.999888612566e+2
1.880052008046e-1,1.063325295510e+0,1.063538473784e+0,1.505209851596e+4,1.497612536873e+4,5.012564292095e+2
1.900255413154e-1,1.064245821378e+0,1.064459875024e+0,1.521385129872e+4,1.513713234550e+4,5.025593768961e+2
1.920139170929e-1,1.065159275266e+0,1.065374186386e+0,1.537304491657e+4,1.529559013403e+4,5.038545446301e+2
1.940040016355e-1,1.066081081350e+0,1.066296846951e+0,1.553237534180e+4,1.545418224229e+4,5.051638086797e+2
1.960295850769e-1,1.067027236885e+0,1.067243868670e+0,1.569454788480e+4,1.561560134493e+4,5.065100135717e+2
1.980231641950e-1,1.067966365069e+0,1.068183846149e+0,1.585415809322e+4,1.577446804495e+4,5.078485828122e+2
2.000185003562e-1,1.068914326694e+0,1.069132654917e+0,1.601390897428e+4,1.593347275333e+4,5.092021322356e+2
2.020156101728e-1,1.069871290623e+0,1.070090464113e+0,1.617380185798e+4,1.609261673724e+4,5.105709728737e+2
2.040145105757e-1,1.070837430682e+0,1.071057447835e+0,1.633383809984e+4,1.625190128707e+4,5.119554253705e+2
2.060152188239e-1,1.071812925860e+0,1.072033785345e+0,1.649401908167e+4,1.641132771705e+4,5.133558203812e+2
2.080177525143e-1,1.072797960517e+0,1.073019661276e+0,1.665434621230e+4,1.657089736592e+4,5.147724989914e+2
2.100221295916e-1,1.073792724605e+0,1.074015265853e+0,1.681482092844e+4,1.673061159764e+4,5.162058131591e+2
2.120283683596e-1,1.074797413901e+0,1.075020795120e+0,1.697544469551e+4,1.689047180207e+4,5.176561261795e+2
2.140024358044e-1,1.075794944463e+0,1.076019151179e+0,1.713349275764e+4,1.704776616684e+4,5.190987902675e+2
2.160124220006e-1,1.076819919077e+0,1.077044965549e+0,1.729441655182e+4,1.720792005898e+4,5.205839343688e+2
2.180243267304e-1,1.077855439968e+0,1.078081326492e+0,1.745549394791e+4,1.736822423139e+4,5.220872333781e+2
2.200040206470e-1,1.078883903990e+0,1.079110616884e+0,1.761399247741e+4,1.752595931955e+4,5.235831494968e+2
2.220197890348e-1,1.079941000834e+0,1.080168555181e+0,1.777537920622e+4,1.768656597338e+4,5.251236875585e+2
2.240033207014e-1,1.080991124192e+0,1.081219506822e+0,1.793418499419e+4,1.784460140389e+4,5.266570520006e+2
2.260230341260e-1,1.082070725593e+0,1.082299952170e+0,1.809588757109e+4,1.800551667875e+4,5.282365683791e+2
2.280104852533e-1,1.083143451142e+0,1.083373508995e+0,1.825500715947e+4,1.816385860885e+4,5.298091498966e+2
2.300342286330e-1,1.084246548091e+0,1.084477453494e+0,1.841703238319e+4,1.832508889574e+4,5.314295066144e+2
2.320256845271e-1,1.085342882787e+0,1.085574623561e+0,1.857647260176e+4,1.848374373734e+4,5.330432002696e+2
2.340191584910e-1,1.086451315851e+0,1.086683894444e+0,1.873607439131e+4,1.864255615741e+4,5.346780190967e+2
2.360146729205e-1,1.087572121011e+0,1.087805540149e+0,1.889583954490e+4,1.880152783239e+4,5.363344807496e+2
2.380122507208e-1,1.088705581566e+0,1.088939844260e+0,1.905576989637e+4,1.896066047435e+4,5.380131218718e+2
2.400119153244e-1,1.089851990846e+0,1.090087100400e+0,1.921586732178e+4,1.911995583209e+4,5.397144990344e+2
2.420136907098e-1,1.091011652701e+0,1.091247612711e+0,1.937613374090e+4,1.927941569234e+4,5.414391897338e+2
2.440176014214e-1,1.092184882017e+0,1.092421696377e+0,1.953657111880e+4,1.943904188097e+4,5.431877934522e+2
2.460236725901e-1,1.093372005259e+0,1.093609678173e+0,1.969718146751e+4,1.959883626429e+4,5.449609327869e+2
2.480319299547e-1,1.094573361065e+0,1.094811897045e+0,1.985796684775e+4,1.975880075038e+4,5.467592546523e+2
2.500077177155e-1,1.095768210798e+0,1.096007599669e+0,2.001615264205e+4,1.991617484690e+4,5.485517573134e+2
2.520203883911e-1,1.096998838544e+0,1.097239100378e+0,2.017729136140e+4,2.007648241886e+4,5.504020248273e+2
2.540005662155e-1,1.098223173659e+0,1.098464298749e+0,2.033582863358e+4,2.023419758482e+4,5.522469554160e+2
2.560177590994e-1,1.099484563181e+0,1.099726572445e+0,2.049732941061e+4,2.039485626881e+4,5.541520297413e+2
2.580024367138e-1,1.100739904918e+0,1.100982789122e+0,2.065622694561e+4,2.055292057469e+4,5.560523149087e+2
2.600242663197e-1,1.102033665354e+0,1.102277446321e+0,2.081809894851e+4,2.071393877509e+4,5.580152973412e+2
2.620135591880e-1,1.103321658513e+0,1.103566327500e+0,2.097736599060e+4,2.087236067593e+4,5.599741128486e+2
2.640051843100e-1,1.104626486899e+0,1.104872050929e+0,2.113681975792e+4,2.103096307933e+4,5.619632007183e+2
2.660341758984e-1,1.105971958529e+0,1.106218440898e+0,2.129926516446e+4,2.119253556487e+4,5.640191722739e+2
2.680306007193e-1,1.107312159947e+0,1.107559552677e+0,2.145910320593e+4,2.135150898700e+4,5.660720696737e+2
2.700294529752e-1,1.108670631498e+0,1.108918942776e+0,2.161913559305e+4,2.151066981158e+4,5.681580305196e+2
2.720307659870e-1,1.110047890342e+0,1.110297128765e+0,2.177936499355e+4,2.167002044052e+4,5.702780645226e+2
2.740345740257e-1,1.111444476444e+0,1.111694651034e+0,2.193979415123e+4,2.182956333661e+4,5.724332279402e+2
2.760056914252e-1,1.112835928725e+0,1.113087032273e+0,2.209760602641e+4,2.198649691685e+4,5.745858621040e+2
2.780145509974e-1,1.114272522913e+0,1.114524581836e+0,2.225843962068e+4,2.214642850511e+4,5.768139877662e+2
2.800260138792e-1,1.115730204383e+0,1.115983229069e+0,2.241948164148e+4,2.230656009018e+4,5.790806993620e+2
2.820047604090e-1,1.117183473015e+0,1.117437457114e+0,2.257790432115e+4,2.246407975520e+4,5.813464526129e+2
2.840214992045e-1,1.118684897620e+0,1.118939869554e+0,2.273936874289e+4,2.262461596289e+4,5.836934836984e+2
2.860055068757e-1,1.120182478822e+0,1.120438432864e+0,2.289821264080e+4,2.278253863231e+4,5.860407910766e+2
2.880276824289e-1,1.121730434399e+0,1.121987400450e+0,2.306011234098e+4,2.294349077033e+4,5.884736606234e+2
2.900171142623e-1,1.123275201486e+0,1.123533174497e+0,2.321939050892e+4,2.310182785518e+4,5.909082220154e+2
2.920092978633e-1,1.124844507474e+0,1.125103500617e+0,2.337888898926e+4,2.326037473777e+4,5.933883229243e+2
2.940042773023e-1,1.126439170181e+0,1.126699197234e+0,2.353861131037e+4,2.341913445882e+4,5.959155958154e+2
2.960020981314e-1,1.128060050147e+0,1.128321125517e+0,2.369856111924e+4,2.357811014440e+4,5.984917620932e+2
2.980028074625e-1,1.129708053712e+0,1.129970192471e+0,2.385874218778e+4,2.373730500916e+4,6.011186387055e+2
3.000064540514e-1,1.131384136399e+0,1.131647354312e+0,2.401915841945e+4,2.389672235977e+4,6.037981453744e+2
3.020130883874e-1,1.133089306594e+0,1.133353620160e+0,2.417981385653e+4,2.405636559836e+4,6.065323125284e+2
3.040227627903e-1,1.134824629609e+0,1.135090056094e+0,2.434071268788e+4,2.421623822621e+4,6.093232900186e+2
3.060355315150e-1,1.136591232123e+0,1.136857789605e+0,2.450185925726e+4,2.437634384741e+4,6.121733567139e+2
3.080154243407e-1,1.138357888780e+0,1.138625575487e+0,2.466037371184e+4,2.453382081929e+4,6.150323846623e+2
3.100344949551e-1,1.140190086856e+0,1.140458942968e+0,2.482202482398e+4,2.469439934093e+4,6.180068687766e+2
3.120206921029e-1,1.142023680298e+0,1.142293705152e+0,2.498104401607e+4,2.485234824866e+4,6.209932040580e+2
3.140101021336e-1,1.143892436664e+0,1.144163651260e+0,2.514032043844e+4,2.501053673408e+4,6.240466915436e+2
3.160027872862e-1,1.145797790207e+0,1.146070216562e+0,2.529985907408e+4,2.516896874925e+4,6.271702663828e+2
3.180351350628e-1,1.147776966428e+0,1.148050650312e+0,2.546257318423e+4,2.533053576540e+4,6.304258822415e+2
3.200346302077e-1,1.149760933628e+0,1.150035877068e+0,2.562265704240e+4,2.548947178754e+4,6.337006669024e+2
3.220011553863e-1,1.151749213774e+0,1.152025418661e+0,2.578010125456e+4,2.564576727810e+4,6.369939286893e+2
3.240076173554e-1,1.153817277690e+0,1.154094793924e+0,2.594074289159e+4,2.580521533571e+4,6.404314243593e+2
3.260177077293e-1,1.155930677809e+0,1.156209533561e+0,2.610167502648e+4,2.596492851407e+4,6.439570306669e+2
3.280315069907e-1,1.158091548895e+0,1.158371773830e+0,2.626290410282e+4,2.612491151850e+4,6.475751827673e+2
3.300123815895e-1,1.160261533647e+0,1.160543133282e+0,2.642149716025e+4,2.628225293170e+4,6.512222078522e+2
3.320337843292e-1,1.162523433967e+0,1.162806466432e+0,2.658333498733e+4,2.644278511067e+4,6.550382608337e+2
3.340222988637e-1,1.164797558170e+0,1.165082031275e+0,2.674253971436e+4,2.660067542775e+4,6.588899361925e+2
3.360147354139e-1,1.167127281466e+0,1.167413230670e+0,2.690205844636e+4,2.675884509365e+4,6.628514061534e+2
3.380111911539e-1,1.169515551134e+0,1.169803013942e+0,2.706189896328e+4,2.691729918015e+4,6.669288779332e+2
3.400117684848e-1,1.171965564208e+0,1.172254580347e+0,2.722206946359e+4,2.707604286968e+4,6.711291039665e+2
3.420165754849e-1,1.174480797190e+0,1.174771408797e+0,2.738257860026e+4,2.723508144508e+4,6.754594482920e+2
3.440257264134e-1,1.177065040372e+0,1.177357292210e+0,2.754343552113e+4,2.739442027498e+4,6.799279634375e+2
3.460020117605e-1,1.179672535192e+0,1.179966443185e+0,2.770166115326e+4,2.755110560259e+4,6.844566145820e+2
3.480201346826e-1,1.182406147869e+0,1.182701793530e+0,2.786323639112e+4,2.771105546926e+4,6.892258490860e+2
3.500054808372e-1,1.185169425320e+0,1.185466829114e+0,2.802218745088e+4,2.786835106148e+4,6.940693030307e+2
3.520331119064e-1,1.188072059471e+0,1.188371311952e+0,2.818452393135e+4,2.802893340261e+4,6.991814009372e+2
3.540280792592e-1,1.191012392735e+0,1.191314678775e+0,2.834424528481e+4,2.818686009866e+4,7.043854247944e+2
3.560280436378e-1,1.194049754861e+0,1.194355240153e+0,2.850436671085e+4,2.834510678665e+4,7.097882260360e+2
3.580331730594e-1,1.197191272079e+0,1.197500100990e+0,2.866490166127e+4,2.850367800283e+4,7.154052876011e+2
3.600056640011e-1,1.200382440163e+0,1.200694706181e+0,2.882282350519e+4,2.865957667136e+4,7.211413868329e+2
3.620215730562e-1,1.203754816293e+0,1.204070775189e+0,2.898422149613e+4,2.881880231890e+4,7.272364413133e+2
3.640050300593e-1,1.207190849967e+0,1.207510621529e+0,2.914302130637e+4,2.897534893466e+4,7.334817704993e+2
3.660325464509e-1,1.210834004050e+0,1.211157872558e+0,2.930534860550e+4,2.913523892538e+4,7.401425057574e+2
3.680278506764e-1,1.214559394481e+0,1.214887509485e+0,2.946509692971e+4,2.929243846470e+4,7.469951676046e+2
3.700293984608e-1,1.218448657408e+0,1.218781266217e+0,2.962534512660e+4,2.944995884492e+4,7.541942567139e+2
3.720374716454e-1,1.222518282635e+0,1.222855658568e+0,2.978611576099e+4,2.960779475178e+4,7.617765642820e+2
3.740135664378e-1,1.226703384384e+0,1.227045730504e+0,2.994432613690e+4,2.976289283926e+4,7.696268490746e+2
3.760355161013e-1,1.231190316961e+0,1.231538066314e+0,3.010620775187e+4,2.992132074800e+4,7.781030062710e+2
3.780259223138e-1,1.235832209912e+0,1.236185628286e+0,3.026556393069e+4,3.007696343290e+4,7.869371537782e+2
3.800240078559e-1,1.240743517865e+0,1.241103019544e+0,3.042553493306e+4,3.023283329788e+4,7.963565646957e+2
3.820302343748e-1,1.245961025476e+0,1.246327082887e+0,3.058615771944e+4,3.038888417293e+4,8.064452572468e+2
3.840055343074e-1,1.251417057496e+0,1.251790069699e+0,3.074430445717e+4,3.054198612508e+4,8.170859272917e+2
3.860295173004e-1,1.257385334651e+0,1.257766066909e+0,3.090634886485e+4,3.069816645242e+4,8.288323464790e+2
3.880234904129e-1,1.263700429241e+0,1.264089453255e+0,3.106599061731e+4,3.085116116474e+4,8.413833598272e+2
3.900278384341e-1,1.270562824324e+0,1.270960996658e+0,3.122646300715e+4,3.100382694000e+4,8.551650669057e+2
3.920030788028e-1,1.277930801778e+0,1.278338950103e+0,3.138460497607e+4,3.115281680199e+4,8.701287804173e+2
3.940309747426e-1,1.286260898659e+0,1.286680509775e+0,3.154696266264e+4,3.130372377054e+4,8.872555456056e+2
3.960318022414e-1,1.295434157303e+0,1.295866609169e+0,3.170715319193e+4,3.144973487640e+4,9.063742357927e+2
3.980064525156e-1,1.305689576948e+0,1.306136646033e+0,3.186524791661e+4,3.158970094296e+4,9.280712759727e+2
4.000395201028e-1,1.317926815497e+0,1.318391680403e+0,3.202485559238e+4,3.172713122665e+4,9.544109278043e+2
4.020074107226e-1,1.328300432927e+0,1.328776704396e+0,3.202485559238e+4,3.182050660269e+4,9.771257587765e+2
4.040288695865e-1,1.333649425030e+0,1.334131824590e+0,3.202485559238e+4,3.186095198521e+4,9.889778521828e+2
4.060139732156e-1,1.336352134064e+0,1.336837679351e+0,3.202485559238e+4,3.187948962625e+4,9.950026885280e+2
4.080021019220e-1,1.337835101240e+0,1.338322387011e+0,3.202485559238e+4,3.188913310009e+4,9.983188677129e+2
4.100342625471e-1,1.338685447707e+0,1.339173736209e+0,3.202485559238e+4,3.189449617902e+4,1.000223713725e+3
4.120250470304e-1,1.339159748046e+0,1.339648597322e+0,3.202485559238e+4,3.189743520152e+4,1.001287237389e+3
4.140163762866e-1,1.339434038824e+0,1.339923212883e+0,3.202485559238e+4,3.189911781641e+4,1.001902623520e+3
4.160080213404e-1,1.339593437352e+0,1.340082800316e+0,3.202485559238e+4,3.190008991082e+4,1.002260358516e+3
4.180422308694e-1,1.339687812471e+0,1.340177287336e+0,3.202485559238e+4,3.190066347893e+4,1.002472202875e+3
4.200341685885e-1,1.339741418263e+0,1.340230956707e+0,3.202485559238e+4,3.190098861473e+4,1.002592545390e+3
