# Snap-through, faster ramp (400 ms to 36 kPa)
t_s,lambda_eq,lambda_max,p_Pa,p_closed_Pa,V_mL,kinetic_J,internal_J
0.000000000000e+0,1.000000000000e+0,1.000000007451e+0,0.000000000000e+0,0.000000000000e+0,4.169284389479e+2,0.000000000000e+0,8.464590615018e-17
2.027365862311e-3,1.000519473636e+0,1.000604315325e+0,1.824629276080e+2,1.606880642575e+2,4.175785265309e+2,1.180554923120e-6,5.245080460400e-5
4.024117836871e-3,1.001175144749e+0,1.001265016409e+0,3.621706053184e+2,3.624364474578e+2,4.184000207130e+2,3.648343645416e-6,2.680969381409e-4
6.021987377982e-3,1.001811976745e+0,1.001910546964e+0,5.419788640184e+2,5.572519556135e+2,4.191989419878e+2,1.039455194301e-6,6.367951061882e-4
8.020973942320e-3,1.002340487903e+0,1.002457342044e+0,7.218876548088e+2,7.180852822325e+2,4.198627438533e+2,9.536483136859e-8,1.061574657350e-3
1.002106790167e-2,1.002886067513e+0,1.003017889853e+0,9.018961111499e+2,8.833126479265e+2,4.205487181129e+2,1.045041421675e-6,1.612795438180e-3
1.202231021551e-2,1.003529149829e+0,1.003666844150e+0,1.082007919396e+3,1.077030212241e+3,4.213582444650e+2,2.840320806128e-6,2.409155686671e-3
1.402473637801e-2,1.004172616810e+0,1.004317011482e+0,1.262226274021e+3,1.269745533320e+3,4.221692941621e+2,1.348384804385e-6,3.364311435216e-3
1.602833479599e-2,1.004741149286e+0,1.004898773153e+0,1.442550131639e+3,1.439092937094e+3,4.228867590674e+2,3.061702918205e-7,4.339613122442e-3
1.800126461507e-2,1.005297556847e+0,1.005458654201e+0,1.620113815356e+3,1.603992663836e+3,4.235897094269e+2,7.375480976468e-7,5.413106967497e-3
2.000719320667e-2,1.005924661067e+0,1.006074822649e+0,1.800647388601e+3,1.788858360979e+3,4.243829093012e+2,2.152510990611e-6,6.763687973669e-3
2.201433726053e-2,1.006579672803e+0,1.006739681484e+0,1.981290353448e+3,1.980841510868e+3,4.252124649564e+2,1.822560160606e-6,8.333083457873e-3
2.402269634128e-2,1.007191802118e+0,1.007352494399e+0,2.162042670715e+3,2.159237062055e+3,4.259886876657e+2,6.825446674433e-7,9.945870763682e-3
2.600036105573e-2,1.007770202403e+0,1.007922959415e+0,2.340032495016e+3,2.326903429023e+3,4.267230070887e+2,6.213232771337e-7,1.159913388019e-2
2.801113069032e-2,1.008387197384e+0,1.008547833607e+0,2.521001762129e+3,2.504799592344e+3,4.275072548649e+2,1.490782727708e-6,1.350083939380e-2
3.002314290886e-2,1.009044160724e+0,1.009199709121e+0,2.702082861797e+3,2.693138720270e+3,4.283433611115e+2,1.986751618992e-6,1.568200105402e-2
3.200444124740e-2,1.009682549095e+0,1.009837869952e+0,2.880399712266e+3,2.875090907134e+3,4.291568709753e+2,1.315625000275e-6,1.795540816145e-2
3.401894178018e-2,1.010303565653e+0,1.010463240887e+0,3.061704760216e+3,3.051093383223e+3,4.299492313440e+2,7.696267958329e-7,2.031206891338e-2
3.600269130282e-2,1.010915104628e+0,1.011067193595e+0,3.240242217254e+3,3.223453053844e+3,4.307304516789e+2,9.894887769850e-7,2.277219090550e-2
3.801969422039e-2,1.011564019620e+0,1.011714241750e+0,3.421772479836e+3,3.405314715731e+3,4.315604528422e+2,1.655526835260e-6,2.553350763628e-2
4.000593620246e-2,1.012221170651e+0,1.012375073963e+0,3.600534258221e+3,3.588407663221e+3,4.324020743376e+2,1.768628236264e-6,2.848765502810e-2
4.202549852478e-2,1.012881801989e+0,1.013035915920e+0,3.782294867231e+3,3.771384478741e+3,4.332492553073e+2,1.253424693356e-6,3.161698072346e-2
4.401426967291e-2,1.013517597329e+0,1.013668839709e+0,3.961284270562e+3,3.946460446420e+3,4.340656313175e+2,9.787595979138e-7,3.477922852650e-2
4.600430211218e-2,1.014157041511e+0,1.014305609463e+0,4.140387190097e+3,4.121536087972e+3,4.348877262593e+2,1.159775497544e-6,3.810811495030e-2
4.802773516049e-2,1.014825853924e+0,1.014974682853e+0,4.322496164444e+3,4.303580441573e+3,4.357486880846e+2,1.603944351707e-6,4.174871989388e-2
5.002034630183e-2,1.015497624317e+0,1.015648349606e+0,4.501831167165e+3,4.485333076510e+3,4.366146008295e+2,1.706286457149e-6,4.556837809760e-2
5.201425244818e-2,1.016168114458e+0,1.016319526086e+0,4.681282720336e+3,4.665649867614e+3,4.374800064445e+2,1.437819906137e-6,4.954307304409e-2
5.400945948638e-2,1.016831945226e+0,1.016985178116e+0,4.860851353775e+3,4.843109980105e+3,4.383379425777e+2,1.197927475780e-6,5.363752821132e-2
5.600597369040e-2,1.017496648713e+0,1.017650829457e+0,5.040537632136e+3,5.019747286735e+3,4.391981297515e+2,1.235231569567e-6,5.789561092427e-2
5.800380487011e-2,1.018172184051e+0,1.018326917060e+0,5.220342438309e+3,5.198186815040e+3,4.400734865831e+2,1.485360779203e-6,6.238480012370e-2
6.000296452098e-2,1.018860190887e+0,1.019016250023e+0,5.400266806888e+3,5.378812316529e+3,4.409661986726e+2,1.685709602098e-6,6.712388869347e-2
6.200346350346e-2,1.019554068092e+0,1.019711525298e+0,5.580311715312e+3,5.559853216670e+3,4.418677497101e+2,1.644660986482e-6,7.207356314731e-2
6.400531031526e-2,1.020247270134e+0,1.020406059469e+0,5.760477928373e+3,5.739596115224e+3,4.427696496908e+2,1.465576759148e-6,7.718847861087e-2
6.600851273706e-2,1.020939729394e+0,1.021098527265e+0,5.940766146335e+3,5.918033936389e+3,4.436718077102e+2,1.367043166649e-6,8.246705032804e-2
6.801307931462e-2,1.021636650919e+0,1.021796567164e+0,6.121177138316e+3,6.096506015772e+3,4.445810157961e+2,1.437882747694e-6,8.794975467591e-2
7.001902067620e-2,1.022342650977e+0,1.022503778924e+0,6.301711860858e+3,6.276169025242e+3,4.455033334562e+2,1.606685474243e-6,9.367731180852e-2
7.202634787274e-2,1.023057718348e+0,1.023218940583e+0,6.482371308547e+3,6.456983522658e+3,4.464387960420e+2,1.724494955490e-6,9.965576064317e-2
7.400266145634e-2,1.023766299097e+0,1.023928461313e+0,6.660239531071e+3,6.635017580731e+3,4.473670635684e+2,1.717433247959e-6,1.057554233926e-1
7.601276843028e-2,1.024489390452e+0,1.024652134261e+0,6.841149158725e+3,6.815534925784e+3,4.483156661675e+2,1.627542615633e-6,1.121594329021e-1
7.802429076627e-2,1.025214464740e+0,1.025377758807e+0,7.022186168964e+3,6.995375756162e+3,4.492682156418e+2,1.559610654882e-6,1.187623826358e-1
8.000476016651e-2,1.025932260373e+0,1.026096492421e+0,7.200428414986e+3,7.172263222814e+3,4.502125310342e+2,1.576317956312e-6,1.254773370208e-1
8.201912037877e-2,1.026668146916e+0,1.026832475846e+0,7.381720834089e+3,7.352430823393e+3,4.511820191375e+2,1.665360230501e-6,1.325450491461e-1
8.400240306728e-2,1.027399681583e+0,1.027564859212e+0,7.560216276055e+3,7.530358558292e+3,4.521471523795e+2,1.760766203827e-6,1.397544866380e-1
8.601964473730e-2,1.028150225935e+0,1.028315792630e+0,7.741768026357e+3,7.711701070293e+3,4.531387950696e+2,1.823285042063e-6,1.473407769353e-1
8.800578405787e-2,1.028893827399e+0,1.029059730554e+0,7.920520565208e+3,7.890166697868e+3,4.541226933995e+2,1.825004567881e-6,1.550455120259e-1
9.002595100692e-2,1.029654153935e+0,1.029820595164e+0,8.102335590623e+3,8.071420312611e+3,4.551301931304e+2,1.789118824566e-6,1.631169816962e-1
9.201498949807e-2,1.030406483413e+0,1.030574235379e+0,8.281349054826e+3,8.249555545377e+3,4.561285616740e+2,1.767798374821e-6,1.712953916578e-1
9.400548186935e-2,1.031163915822e+0,1.031333403701e+0,8.460493368241e+3,8.427689448372e+3,4.571351758134e+2,1.777469883442e-6,1.797213569856e-1
9.603010640350e-2,1.031939769904e+0,1.032110927827e+0,8.642709576315e+3,8.608906056214e+3,4.581678063471e+2,1.825014741786e-6,1.885513585018e-1
9.802356419650e-2,1.032709967279e+0,1.032882525492e+0,8.822120777685e+3,8.787559082367e+3,4.591944449918e+2,1.888139731087e-6,1.975155654912e-1
1.000185100584e-1,1.033486861843e+0,1.033660979093e+0,9.001665905258e+3,8.966520273027e+3,4.602315632197e+2,1.947101548176e-6,2.067574411010e-1
1.020149556958e-1,1.034270181636e+0,1.034445609904e+0,9.181346012620e+3,9.145704094887e+3,4.612788386685e+2,1.987652742990e-6,2.162780960604e-1
1.040129128614e-1,1.035059558343e+0,1.035236383778e+0,9.361162157522e+3,9.325005062110e+3,4.623358180357e+2,2.007213838765e-6,2.260771599813e-1
1.060123934329e-1,1.035854757548e+0,1.036033113560e+0,9.541115408963e+3,9.504350266534e+3,4.634022250724e+2,2.013300058442e-6,2.361556006535e-1
1.080134094357e-1,1.036655787543e+0,1.036835512611e+0,9.721206849213e+3,9.683722583391e+3,4.644781081614e+2,2.017764829971e-6,2.465173169325e-1
1.100159731027e-1,1.037462875055e+0,1.037644153204e+0,9.901437579239e+3,9.863153346677e+3,4.655638101441e+2,2.030646711882e-6,2.571691315629e-1
1.120200969133e-1,1.038276361722e+0,1.038458924912e+0,1.008180872220e+4,1.004269782921e+4,4.666598310402e+2,2.056694694744e-6,2.681196718739e-1
1.140257935792e-1,1.039096583027e+0,1.039280467869e+0,1.026232142213e+4,1.022240789009e+4,4.677666658100e+2,2.095030086992e-6,2.793778462154e-1
1.160001569480e-1,1.039910196501e+0,1.040095257038e+0,1.044001412532e+4,1.039936941268e+4,4.688663114294e+2,2.137614988479e-6,2.907597599485e-1
1.180090120954e-1,1.040744355306e+0,1.040930704268e+0,1.062081108858e+4,1.057946441513e+4,4.699955130852e+2,2.185063489160e-6,3.026499775706e-1
1.200194793600e-1,1.041585686966e+0,1.041773303953e+0,1.080175314240e+4,1.075974886181e+4,4.711362596466e+2,2.230031327663e-6,3.148681103629e-1
1.220315723145e-1,1.042434201641e+0,1.042623123231e+0,1.098284150830e+4,1.094020032796e+4,4.722886135665e+2,2.269597882232e-6,3.274192214497e-1
1.240122794456e-1,1.043275766200e+0,1.043465944214e+0,1.116110515011e+4,1.111782279074e+4,4.734333831401e+2,2.303213517429e-6,3.400934738243e-1
1.260276381342e-1,1.044138601679e+0,1.044329921586e+0,1.134248743207e+4,1.129854846584e+4,4.746090063160e+2,2.333778113110e-6,3.533207858646e-1
1.280115847734e-1,1.044994418064e+0,1.045186880064e+0,1.152104262961e+4,1.147642795057e+4,4.757769868135e+2,2.363418538524e-6,3.666723385832e-1
1.300302652142e-1,1.045871931033e+0,1.046065612120e+0,1.170272386928e+4,1.165740499655e+4,4.769765659345e+2,2.392546986475e-6,3.806011862123e-1
1.320175073927e-1,1.046742495850e+0,1.046937343691e+0,1.188157566534e+4,1.183554716097e+4,4.781686375584e+2,2.424745054105e-6,3.946577357243e-1
1.340064051036e-1,1.047620610171e+0,1.047816571405e+0,1.206057645933e+4,1.201383057655e+4,4.793730571900e+2,2.459460543266e-6,4.090753670529e-1
1.360301632349e-1,1.048521226277e+0,1.048718289719e+0,1.224271469114e+4,1.219522966445e+4,4.806104393537e+2,2.496914962467e-6,4.241109837372e-1
1.380224440389e-1,1.049415036480e+0,1.049613209290e+0,1.242201996350e+4,1.237381477425e+4,4.818405741302e+2,2.537361722810e-6,4.392808062271e-1
1.400164249575e-1,1.050316864361e+0,1.050516159034e+0,1.260147824618e+4,1.255255631250e+4,4.830838690551e+2,2.580046650139e-6,4.548359128663e-1
1.420121212927e-1,1.051226859915e+0,1.051427237114e+0,1.278109091634e+4,1.273145662950e+4,4.843405902535e+2,2.624590188635e-6,4.707846005817e-1
1.440095486461e-1,1.052145172337e+0,1.052346598318e+0,1.296085937815e+4,1.291051713363e+4,4.856110048059e+2,2.670634947562e-6,4.871353306824e-1
1.460087228878e-1,1.053071951574e+0,1.053274450722e+0,1.314078505991e+4,1.308973859812e+4,4.868953829132e+2,2.717900116239e-6,5.038967571503e-1
1.480096601638e-1,1.054007350395e+0,1.054210934074e+0,1.332086941474e+4,1.326912155625e+4,4.881940008347e+2,2.766200717008e-6,5.210777675068e-1
1.500123769456e-1,1.054951525536e+0,1.055156139410e+0,1.350111392510e+4,1.344866649767e+4,4.895071425435e+2,2.815433652342e-6,5.386875094859e-1
1.520168900017e-1,1.055904638314e+0,1.056110269800e+0,1.368152010016e+4,1.362837395799e+4,4.908351006877e+2,2.865570319970e-6,5.567354099680e-1
1.540232164237e-1,1.056866855532e+0,1.057073538025e+0,1.386208947814e+4,1.380824465282e+4,4.921781779427e+2,2.916648817308e-6,5.752312003199e-1
1.560313736158e-1,1.057838350101e+0,1.058046049307e+0,1.404282362542e+4,1.398827955377e+4,4.935366880032e+2,2.968747708944e-6,5.941849381118e-1
1.580078640057e-1,1.058802862954e+0,1.059011533547e+0,1.422070776051e+4,1.416547323786e+4,4.948879057126e+2,3.020615230451e-6,6.132792130291e-1
1.600197050990e-1,1.059793292296e+0,1.060002989037e+0,1.440177345891e+4,1.434583733922e+4,4.962779949225e+2,3.075134407610e-6,6.331722807052e-1
1.620334309685e-1,1.060793551826e+0,1.061004259267e+0,1.458300878717e+4,1.452636975409e+4,4.976845205150e+2,3.130992048912e-6,6.535553566115e-1
1.640154509100e-1,1.061786907424e+0,1.061998570381e+0,1.476139058190e+4,1.470405714534e+4,4.990839656663e+2,3.187076766483e-6,6.740874468029e-1
1.660329709688e-1,1.062807254765e+0,1.063019919847e+0,1.494296738719e+4,1.488492832521e+4,5.005241657138e+2,3.245970198581e-6,6.954766873991e-1
1.680187593653e-1,1.063820765673e+0,1.064034405889e+0,1.512168834288e+4,1.506295248207e+4,5.019574564935e+2,3.305299167005e-6,7.170215085008e-1
1.700064446297e-1,1.064844578771e+0,1.065059166362e+0,1.530058001667e+4,1.524114635080e+4,5.034080919135e+2,3.366350955680e-6,7.390864264836e-1
1.720297848440e-1,1.065896537855e+0,1.066112112583e+0,1.548268063596e+4,1.542253767241e+4,5.049015156148e+2,3.430471944139e-6,7.620717369831e-1
1.740213554168e-1,1.066941784894e+0,1.067158311335e+0,1.566192198751e+4,1.560107917985e+4,5.063883330137e+2,3.495220750511e-6,7.852239803301e-1
1.760148826073e-1,1.067997998433e+0,1.068215469545e+0,1.584133943466e+4,1.577979592738e+4,5.078937118591e+2,3.561911568036e-6,8.089352082195e-1
1.780103870602e-1,1.069065413044e+0,1.069283847648e+0,1.602093483542e+4,1.595868981136e+4,5.094180832169e+2,3.630624223020e-6,8.332192144244e-1
1.800078898669e-1,1.070144271081e+0,1.070363645956e+0,1.620071008802e+4,1.613776277745e+4,5.109618931576e+2,3.701442914442e-6,8.580902796371e-1
1.820074125768e-1,1.071234822878e+0,1.071455149772e+0,1.638066713191e+4,1.631701679689e+4,5.125256032360e+2,3.774458248088e-6,8.835631907480e-1
1.840089772074e-1,1.072337327234e+0,1.072558598891e+0,1.656080794867e+4,1.649645388751e+4,5.141096913930e+2,3.849770601246e-6,9.096532675436e-1
1.860126062703e-1,1.073452051726e+0,1.073674260290e+0,1.674113456433e+4,1.667607610343e+4,5.157146526308e+2,3.927487101099e-6,9.363763865012e-1
1.880183227790e-1,1.074579273076e+0,1.074802434062e+0,1.692164905011e+4,1.685588552910e+4,5.173409997677e+2,4.007726233575e-6,9.637490065505e-1
1.900261502720e-1,1.075719277639e+0,1.075943374763e+0,1.710235352448e+4,1.703588429032e+4,5.189892643923e+2,4.090615709823e-6,9.917881989786e-1
1.920020277471e-1,1.076852709069e+0,1.077077736708e+0,1.728018249724e+4,1.721301913188e+4,5.206314923559e+2,4.174660907430e-6,1.020019079337e+0
1.940141131956e-1,1.078018950634e+0,1.078244918005e+0,1.746127018761e+4,1.739339983399e+4,5.223248713180e+2,4.263257922896e-6,1.049433170989e+0
1.960283831398e-1,1.079198890581e+0,1.079425804892e+0,1.764255448258e+4,1.757397632828e+4,5.240418730686e+2,4.354947849332e-6,1.079568681650e+0
1.980106672016e-1,1.080372505616e+0,1.080600348200e+0,1.782096004814e+4,1.775168567801e+4,5.257533995504e+2,4.448227756768e-6,1.109915886180e+0
2.000293460662e-1,1.081580594819e+0,1.081809381920e+0,1.800264114596e+4,1.793265702027e+4,5.275190891878e+2,4.546563093774e-6,1.141541367125e+0
2.020160160325e-1,1.082782552284e+0,1.083012275971e+0,1.818144144292e+4,1.811075877340e+4,5.292797357693e+2,4.646768604387e-6,1.173393842084e+0
2.040048996460e-1,1.083999078149e+0,1.084229731628e+0,1.836044096814e+4,1.828905822466e+4,5.310657070291e+2,4.750615623021e-6,1.206023976559e+0
2.060303734528e-1,1.085251898923e+0,1.085483509985e+0,1.854273361076e+4,1.847063694882e+4,5.329091571067e+2,4.859972177331e-6,1.240037278049e+0
2.080238054103e-1,1.086498929965e+0,1.086731478382e+0,1.872214248693e+4,1.864934248823e+4,5.347483195385e+2,4.971441685323e-6,1.274304058347e+0
2.100195345832e-1,1.087761666703e+0,1.087995161978e+0,1.890175811248e+4,1.882825316258e+4,5.366149521044e+2,5.086839071831e-6,1.309417725463e+0
2.120175900996e-1,1.089040518153e+0,1.089274957794e+0,1.908158310896e+4,1.900737183537e+4,5.385098283985e+2,5.206290988590e-6,1.345403225703e+0
2.140180018462e-1,1.090335910395e+0,1.090571305492e+0,1.926162016615e+4,1.918670152042e+4,5.404337555542e+2,5.329985187860e-6,1.382286588688e+0
2.160208005006e-1,1.091648286898e+0,1.091884635657e+0,1.944187204505e+4,1.936624530073e+4,5.423875752513e+2,5.458186113546e-6,1.420094972539e+0
2.180260175623e-1,1.092978108707e+0,1.093215422239e+0,1.962234158060e+4,1.954600622475e+4,5.443721645307e+2,5.591234201676e-6,1.458856706135e+0
2.200336853888e-1,1.094325854838e+0,1.094564133642e+0,1.980303168499e+4,1.972598723028e+4,5.463884369599e+2,5.729523474402e-6,1.498601338956e+0
2.220091582057e-1,1.095668310696e+0,1.095907547362e+0,1.998082423852e+4,1.990308240520e+4,5.484017382295e+2,5.870907699366e-6,1.538648242861e+0
2.240217845346e-1,1.097053088045e+0,1.097293303502e+0,2.016196060811e+4,2.008350797620e+4,5.504836853841e+2,6.020806230140e-6,1.580434231684e+0
2.260021973094e-1,1.098432957414e+0,1.098674143061e+0,2.034019775785e+4,2.026104520497e+4,5.525634882705e+2,6.174331960359e-6,1.622550866529e+0
2.280199203279e-1,1.099856890241e+0,1.100099070538e+0,2.052179282951e+4,2.044192615892e+4,5.547151909179e+2,6.337021756050e-6,1.666510620624e+0
2.300054127584e-1,1.101276356497e+0,1.101519520042e+0,2.070048714825e+4,2.061991684423e+4,5.568656965448e+2,6.503533945084e-6,1.710833286491e+0
2.320283787507e-1,1.102741776146e+0,1.102985951118e+0,2.088255408756e+4,2.080126635961e+4,5.590916454126e+2,6.679910901583e-6,1.757112380575e+0
2.340190988456e-1,1.104203244198e+0,1.104448419966e+0,2.106171889611e+4,2.097972494669e+4,5.613174918598e+2,6.860501525936e-6,1.803791329705e+0
2.360124676747e-1,1.105686493267e+0,1.105932680379e+0,2.124112209072e+4,2.115842120488e+4,5.635825436825e+2,7.048855512127e-6,1.851698534909e+0
2.380085250040e-1,1.107192198368e+0,1.107439405278e+0,2.142076725036e+4,2.133735864021e+4,5.658881119462e+2,7.245673639256e-6,1.900876572634e+0
2.400073118432e-1,1.108721063933e+0,1.108969301895e+0,2.160065806589e+4,2.151654048786e+4,5.682355690490e+2,7.451608069152e-6,1.951370081842e+0
2.420088705067e-1,1.110273828554e+0,1.110523108326e+0,2.178079834560e+4,2.169597003725e+4,5.706263571536e+2,7.667163651002e-6,2.003225993285e+0
2.440132446781e-1,1.111851270600e+0,1.112101602542e+0,2.196119202103e+4,2.187565101149e+4,5.730619981656e+2,7.892742920370e-6,2.056493801226e+0
2.460204794786e-1,1.113454212144e+0,1.113705610000e+0,2.214184315308e+4,2.205558770171e+4,5.755441012765e+2,8.128816902455e-6,2.111225791383e+0
2.480306215400e-1,1.115083519866e+0,1.115335995460e+0,2.232275593860e+4,2.223578473222e+4,5.780743659919e+2,8.376091905946e-6,2.167477175584e+0
2.500083758309e-1,1.116710801376e+0,1.116964348940e+0,2.250075382478e+4,2.241307837643e+4,5.806088752749e+2,8.630846376199e-6,2.224277702849e+0
2.520244255890e-1,1.118395114673e+0,1.118649768008e+0,2.268219830301e+4,2.259380467907e+4,5.832400031685e+2,8.903266389685e-6,2.283716403056e+0
2.540080819220e-1,1.120078328323e+0,1.120334081593e+0,2.286072737298e+4,2.277162636640e+4,5.858773424404e+2,9.184679926978e-6,2.343770053289e+0
2.560302424039e-1,1.121821604467e+0,1.122078493404e+0,2.304272181635e+4,2.295289866243e+4,5.886171591226e+2,9.485889720497e-6,2.406651049783e+0
2.580200073888e-1,1.123564861511e+0,1.123822882482e+0,2.322180066499e+4,2.313126614875e+4,5.913654740713e+2,9.797218641560e-6,2.470223197889e+0
2.600128809500e-1,1.125339553296e+0,1.125598722405e+0,2.340115928550e+4,2.330991194380e+4,5.941721211525e+2,1.012500678805e-5,2.535647613350e+0
2.620089196626e-1,1.127146876084e+0,1.127407211487e+0,2.358080276964e+4,2.348884110435e+4,5.970394860691e+2,1.047076502734e-5,2.603002051769e+0
2.640081822772e-1,1.128988093292e+0,1.129249613699e+0,2.376073640495e+4,2.366805843625e+4,5.999700962805e+2,1.083596715731e-5,2.672368974675e+0
2.660107298523e-1,1.130864547393e+0,1.131127271802e+0,2.394096568671e+4,2.384756910594e+4,6.029666431177e+2,1.122193178551e-5,2.743836184565e+0
2.680166258956e-1,1.132777670453e+0,1.133041619726e+0,2.412149633061e+4,2.402737900582e+4,6.060320022518e+2,1.163013242481e-5,2.817497442416e+0
2.700259365176e-1,1.134728987501e+0,1.134994183407e+0,2.430233428659e+4,2.420749435862e+4,6.091692431711e+2,1.206251671002e-5,2.893452838323e+0
2.720027568911e-1,1.136684204043e+0,1.136950646133e+0,2.448024812020e+4,2.438469652765e+4,6.123235943362e+2,1.251293831647e-5,2.970388217380e+0
2.740190421429e-1,1.138716117771e+0,1.138983852603e+0,2.466171379286e+4,2.456543509648e+4,6.156131996407e+2,1.299999888371e-5,3.051213572019e+0
2.760028541655e-1,1.140753936671e+0,1.141022965920e+0,2.484025687490e+4,2.474326150609e+4,6.189241774280e+2,1.350849979628e-5,3.133159940472e+0
2.780264087036e-1,1.142873714385e+0,1.143144087919e+0,2.502237678332e+4,2.492464936537e+4,6.223808943491e+2,1.405968928330e-5,3.219336674846e+0
2.800175146898e-1,1.145001782316e+0,1.145273503259e+0,2.520157632208e+4,2.510312753867e+4,6.258640523046e+2,1.463715238301e-5,3.306801747494e+0
2.820123554898e-1,1.147177741110e+0,1.147450838355e+0,2.538111199408e+4,2.528193902656e+4,6.294390094295e+2,1.525383279935e-5,3.397213138483e+0
2.840110161785e-1,1.149403906638e+0,1.149678410366e+0,2.556099145607e+4,2.546109131857e+4,6.331105146706e+2,1.591326345149e-5,3.490725973679e+0
2.860135859991e-1,1.151682777627e+0,1.151958719706e+0,2.574122273992e+4,2.564059259370e+4,6.368837042218e+2,1.661970337232e-5,3.587507999774e+0
2.880201586891e-1,1.154017046718e+0,1.154294460857e+0,2.592181428202e+4,2.582045108063e+4,6.407641300257e+2,1.737821164955e-5,3.687740614391e+0
2.900308328461e-1,1.156409623624e+0,1.156688545845e+0,2.610277495615e+4,2.600067520251e+4,6.447578096542e+2,1.819420810218e-5,3.791620479029e+0
2.920090399847e-1,1.158818480821e+0,1.159098920638e+0,2.628081359862e+4,2.617798718549e+4,6.487953936095e+2,1.905712770163e-5,3.897366926499e+0
2.940281548963e-1,1.161336216543e+0,1.161618241967e+0,2.646253394067e+4,2.635896381054e+4,6.530334524343e+2,2.000611432023e-5,4.009126210612e+0
2.960148663864e-1,1.163874864017e+0,1.164158487734e+0,2.664133797477e+4,2.653703366291e+4,6.573253576349e+2,2.101465946999e-5,4.123078926603e+0
2.980059626190e-1,1.166483469708e+0,1.166768735755e+0,2.682053663571e+4,2.671549384886e+4,6.617550831362e+2,2.210809045206e-5,4.241483653125e+0
3.000015662873e-1,1.169166260055e+0,1.169453215312e+0,2.700014096586e+4,2.689435530602e+4,6.663314953517e+2,2.329678688022e-5,4.364630127507e+0
3.020018076173e-1,1.171927868567e+0,1.172216562922e+0,2.718016268556e+4,2.707362927789e+4,6.710643465317e+2,2.459296821928e-5,4.492837082859e+0
3.040068251191e-1,1.174773397700e+0,1.175063884488e+0,2.736061426072e+4,2.725332772062e+4,6.759644093474e+2,2.601051840117e-5,4.626456587747e+0
3.060167664374e-1,1.177708490419e+0,1.178000826873e+0,2.754150897936e+4,2.743346362143e+4,6.810436338646e+2,2.756597532212e-5,4.765879129126e+0
3.080317893302e-1,1.180739401945e+0,1.181033649533e+0,2.772286103972e+4,2.761405053864e+4,6.863153115846e+2,2.927908765264e-5,4.911539038872e+0
3.100146015434e-1,1.183814089180e+0,1.184110276810e+0,2.790131413890e+4,2.779174582281e+4,6.916908535779e+2,3.113611178675e-5,5.061035518097e+0
3.120026431611e-1,1.186995155448e+0,1.187293351788e+0,2.808023788450e+4,2.796990439983e+4,6.972818470361e+2,3.319371003222e-5,5.217522590913e+0
3.140337644174e-1,1.190354203100e+0,1.190655099265e+0,2.826303879757e+4,2.815191715092e+4,7.032182756730e+2,3.552948215982e-5,5.384751596927e+0
3.160329411172e-1,1.193776296362e+0,1.194080753081e+0,2.844296470055e+4,2.833106008086e+4,7.093006755628e+2,3.809606163824e-5,5.557195256093e+0
3.180000652695e-1,1.197264690725e+0,1.197572818231e+0,2.862000587426e+4,2.850732288547e+4,7.155369139585e+2,4.092436288231e-5,5.735112970159e+0
3.200110266460e-1,1.200965429426e+0,1.201277500386e+0,2.880099239814e+4,2.868750414326e+4,7.221926065648e+2,4.418099027275e-5,5.926188745136e+0
3.220283078697e-1,1.204826577820e+0,1.205142837466e+0,2.898254770828e+4,2.886824043750e+4,7.291806533573e+2,4.788814053238e-5,6.128072163295e+0
3.240139406442e-1,1.208786233843e+0,1.209106851944e+0,2.916125465798e+4,2.904612822727e+4,7.363936517872e+2,5.205318749629e-5,6.337752889284e+0
3.260062200458e-1,1.212933352772e+0,1.213258602600e+0,2.934055980413e+4,2.922459606835e+4,7.439989702847e+2,5.685423751852e-5,6.560198994031e+0
3.280054699029e-1,1.217288648127e+0,1.217618834242e+0,2.952049229127e+4,2.940366968971e+4,7.520422423025e+2,6.243784922068e-5,6.796898579804e+0
3.300120510261e-1,1.221876699952e+0,1.222212163906e+0,2.970108459235e+4,2.958337704287e+4,7.605778430613e+2,6.899718624464e-5,7.049624183883e+0
3.320263683682e-1,1.226727026772e+0,1.227068154453e+0,2.988237315314e+4,2.976374868702e+4,7.696713492386e+2,7.679245759085e-5,7.320512622355e+0
3.340099053649e-1,1.231773470963e+0,1.232120580150e+0,3.006089148284e+4,2.994132885287e+4,7.792091768535e+2,8.598303023956e-5,7.606351068077e+0
3.360018179581e-1,1.237148536496e+0,1.237502112467e+0,3.024016361623e+4,3.011961374116e+4,7.894544130344e+2,9.718064468709e-5,7.915220686267e+0
3.380026747532e-1,1.242904614671e+0,1.243265220737e+0,3.042024072779e+4,3.029863938006e+4,8.005250401618e+2,1.110697175163e-4,8.250960497866e+0
3.400131395904e-1,1.249108762078e+0,1.249477061087e+0,3.060118256314e+4,3.047844321590e+4,8.125728062405e+2,1.286718817033e-4,8.618505478975e+0
3.420339997337e-1,1.255848994924e+0,1.256225780106e+0,3.078305997604e+4,3.065906159223e+4,8.257979238777e+2,1.515759929723e-4,9.024362841384e+0
3.440262436678e-1,1.263092211415e+0,1.263478255879e+0,3.096236193010e+4,3.083695786283e+4,8.401690733942e+2,1.816767333964e-4,9.467978009621e+0
3.460305013186e-1,1.271122432777e+0,1.271518900052e+0,3.114274511867e+4,3.101567461076e+4,8.562955149220e+2,2.235987953070e-4,9.968666731581e+0
3.480076843989e-1,1.279977356847e+0,1.280385494296e+0,3.132069159590e+4,3.119157399731e+4,8.743159081048e+2,2.837141013162e-4,1.053137006437e+1
3.500403189301e-1,1.290370516773e+0,1.290792567929e+0,3.150362870371e+4,3.137166596413e+4,8.957871206155e+2,3.803115838806e-4,1.120567660999e+1
3.520083721673e-1,1.302192999821e+0,1.302631137080e+0,3.168075349506e+4,3.154462551070e+4,9.206352273423e+2,5.411154522125e-4,1.199044952840e+1
3.540379109819e-1,1.317181811056e+0,1.317640709622e+0,3.186341198837e+4,3.171963322614e+4,9.527932996337e+2,8.722323663174e-4,1.301174982880e+1
3.560096187993e-1,1.336496470491e+0,1.336982722565e+0,3.204086569194e+4,3.188044453497e+4,9.953251274457e+2,1.683644371029e-3,1.436975497697e+1
3.580165667659e-1,1.366576802966e+0,1.367107218075e+0,3.222149100893e+4,3.200816071021e+4,1.064053961906e+3,4.831115008934e-3,1.657455954119e+1
3.600427891034e-1,1.430578357345e+0,1.431211375011e+0,3.240385101930e+4,3.190794365014e+4,1.220664940489e+3,3.278968708091e-2,2.160437384110e+1
3.620104794289e-1,1.699551494687e+0,1.700754569644e+0,3.258094314860e+4,2.914363862393e+4,2.046748604883e+3,1.323981620190e+0,4.698968091758e+1
3.634458487306e-1,3.828982287040e+0,3.840287280811e+0,3.271012638575e+4,1.349156881282e+4,2.340515876950e+4,2.321370622435e+2,4.270553076500e+2
