# Hold at 28 kPa, 2 μs cap
t_s,lambda_eq,lambda_max,p_Pa,p_closed_Pa,V_mL,kinetic_J,internal_J
0.000000000000e+0,1.000000000000e+0,1.000000007451e+0,0.000000000000e+0,0.000000000000e+0,4.169284389479e+2,0.000000000000e+0,8.464590615018e-17
2.000565000000e-3,1.000397454720e+0,1.000465168409e+0,1.400395500000e+2,1.230115951795e+2,4.174257670882e+2,6.475799496818e-7,3.070949179842e-5
4.001130000000e-3,1.000902780857e+0,1.000976065559e+0,2.800791000000e+2,2.787752532958e+2,4.180586437011e+2,2.201776600729e-6,1.582879090516e-4
6.001695000000e-3,1.001402491341e+0,1.001490594910e+0,4.201186500000e+2,4.321129901413e+2,4.186851159466e+2,6.568363161792e-7,3.817375263298e-4
8.000289000000e-3,1.001815296192e+0,1.001926893603e+0,5.600202300000e+2,5.582644980995e+2,4.192031089780e+2,5.564417227919e-8,6.391223333832e-4
1.000085400000e-2,1.002233707942e+0,1.002362749051e+0,7.000597800000e+2,6.856522594475e+2,4.197285734234e+2,6.048618711861e-7,9.670777070893e-4
1.200141900000e-2,1.002727939710e+0,1.002863833291e+0,8.400993300000e+2,8.355074733232e+2,4.203498222596e+2,1.701443221264e-6,1.441262577581e-3
1.400001300000e-2,1.003226118661e+0,1.003365330864e+0,9.800009100000e+2,9.858868289416e+2,4.209766527736e+2,8.157866109536e-7,2.014157810902e-3
1.600057800000e-2,1.003665788239e+0,1.003809359335e+0,1.120040460000e+3,1.118046080880e+3,4.215303816471e+2,1.772344117813e-7,2.598751426088e-3
1.800114300000e-2,1.004097616500e+0,1.004245383868e+0,1.260080010000e+3,1.247340665579e+3,4.220747074477e+2,4.887301843713e-7,3.244842636542e-3
2.000170800000e-2,1.004580760883e+0,1.004732129020e+0,1.400119560000e+3,1.391406058544e+3,4.226842731674e+2,1.328571347321e-6,4.052009531675e-3
2.200030200000e-2,1.005081541923e+0,1.005236548028e+0,1.540021140000e+3,1.540071342786e+3,4.233167095437e+2,1.015246052927e-6,4.982383227914e-3
2.400086700000e-2,1.005547234632e+0,1.005703561973e+0,1.680060690000e+3,1.677720721936e+3,4.239053986746e+2,3.637331212839e-7,5.932991280820e-3
2.600143200000e-2,1.005993276124e+0,1.006148018479e+0,1.820100240000e+3,1.809022394423e+3,4.244697578842e+2,4.080758480610e-7,6.920490665116e-3
2.800002600000e-2,1.006466957719e+0,1.006624454625e+0,1.960001820000e+3,1.947885320553e+3,4.250696372397e+2,9.803784536816e-7,8.051489911209e-3
3.000059100000e-2,1.006967854105e+0,1.007126886044e+0,2.100041370000e+3,2.094084723922e+3,4.257045964637e+2,1.132463914025e-6,9.339480411002e-3
3.200115600000e-2,1.007456226116e+0,1.007612818549e+0,2.240080920000e+3,2.235996295843e+3,4.263242877171e+2,6.332660953161e-7,1.068611098333e-2
3.400172100000e-2,1.007921735839e+0,1.008081044228e+0,2.380120470000e+3,2.370685985311e+3,4.269155287376e+2,4.284905872246e-7,1.205299668512e-2
3.600031500001e-2,1.008392841320e+0,1.008548767757e+0,2.520022050000e+3,2.506422342263e+3,4.275144331701e+2,6.968120093632e-7,1.351889128905e-2
3.800088000001e-2,1.008888347854e+0,1.009046118706e+0,2.660061600001e+3,2.648570589151e+3,4.281449621555e+2,1.050802722631e-6,1.515013906201e-2
4.000144500001e-2,1.009391025339e+0,1.009547695317e+0,2.800101150001e+3,2.792130831350e+3,4.287852493088e+2,9.096887658451e-7,1.689845327325e-2
4.200003900002e-2,1.009879352641e+0,1.010035129687e+0,2.940002730001e+3,2.930973361495e+3,4.294078688491e+2,5.959598854706e-7,1.868677693185e-2
4.400060400002e-2,1.010359431681e+0,1.010515388790e+0,3.080042280001e+3,3.066878309229e+3,4.300205590656e+2,5.721637932515e-7,2.053107180360e-2
4.600116900002e-2,1.010850054693e+0,1.011003942351e+0,3.220081830002e+3,3.205163968080e+3,4.306473076498e+2,8.226886419883e-7,2.250394179628e-2
4.800173400003e-2,1.011355753770e+0,1.011509230696e+0,3.360121380002e+3,3.347062624925e+3,4.312939522572e+2,9.946928292155e-7,2.463038210385e-2
5.000032800003e-2,1.011862549577e+0,1.012015988919e+0,3.500022960002e+3,3.488623951264e+3,4.319426483707e+2,8.522809703368e-7,2.685586337383e-2
5.200089300003e-2,1.012361293285e+0,1.012513602279e+0,3.640062510002e+3,3.627308547581e+3,4.325816725533e+2,6.620928185626e-7,2.913804953727e-2
5.400145800004e-2,1.012856984183e+0,1.013008060792e+0,3.780102060003e+3,3.764530228469e+3,4.332174094416e+2,6.731939360485e-7,3.149653574564e-2
5.600005200004e-2,1.013360398236e+0,1.013509894559e+0,3.920003640003e+3,3.903266229296e+3,4.338636886739e+2,8.459992313420e-7,3.398365109481e-2
5.800061700004e-2,1.013874376425e+0,1.014022795272e+0,4.060043190003e+3,4.044268161706e+3,4.345241928645e+2,9.584950284483e-7,3.661825207838e-2
6.000118200005e-2,1.014390540171e+0,1.014538817963e+0,4.200082740003e+3,4.185216410430e+3,4.351881799718e+2,8.794619158738e-7,3.936071350098e-2
6.200174700005e-2,1.014902594981e+0,1.015051328068e+0,4.340122290004e+3,4.324398813462e+3,4.358475494115e+2,7.520693087712e-7,4.217681376326e-2
6.400034100006e-2,1.015412496333e+0,1.015562380479e+0,4.480023870004e+3,4.462361640266e+3,4.365048073520e+2,7.385737108529e-7,4.507532589922e-2
6.600090600006e-2,1.015927825379e+0,1.016079271055e+0,4.620063420004e+3,4.601152972463e+3,4.371697325521e+2,8.415756269977e-7,4.810001795058e-2
6.800147100006e-2,1.016450661389e+0,1.016602839527e+0,4.760102970004e+3,4.741311634175e+3,4.378450336600e+2,9.405841175443e-7,5.126646249241e-2
7.000006500007e-2,1.016976928642e+0,1.017130247951e+0,4.900004550005e+3,4.881727548954e+3,4.385254685326e+2,9.312197761495e-7,5.455280525801e-2
7.200063000007e-2,1.017503202229e+0,1.017657522075e+0,5.040044100005e+3,5.021483568251e+3,4.392066161976e+2,8.511665601715e-7,5.793837917755e-2
7.400119500007e-2,1.018028436069e+0,1.018183502988e+0,5.180083650005e+3,5.160306990624e+3,4.398871210178e+2,8.068547088522e-7,6.141591194028e-2
7.600176000008e-2,1.018555878507e+0,1.018711864074e+0,5.320123200005e+3,5.299057334256e+3,4.405711943372e+2,8.437155024603e-7,6.500698886023e-2
7.800035400008e-2,1.019087944086e+0,1.019244287763e+0,5.460024780006e+3,5.438360159148e+3,4.412619818869e+2,9.205859084464e-7,6.872972295635e-2
8.000091900008e-2,1.019625477835e+0,1.019783071858e+0,5.600064330006e+3,5.578420995926e+3,4.419606016928e+2,9.642921624374e-7,7.259262929693e-2
8.200148400009e-2,1.020165504284e+0,1.020323515870e+0,5.740103880006e+3,5.718452848673e+3,4.426632033331e+2,9.444634204402e-7,7.657633084443e-2
8.400007800009e-2,1.020705588796e+0,1.020864526253e+0,5.880005460006e+3,5.857822909690e+3,4.433666248760e+2,9.002360886074e-7,8.066333043968e-2
8.600064300009e-2,1.021247127559e+0,1.021406462803e+0,6.020045010006e+3,5.996891946148e+3,4.440726882841e+2,8.841443192463e-7,8.486435855184e-2
8.800120800010e-2,1.021791396277e+0,1.021951728531e+0,6.160084560007e+3,6.135983051252e+3,4.447830659165e+2,9.134200006563e-7,8.919023857468e-2
9.000177300010e-2,1.022339805916e+0,1.022500526353e+0,6.300124110007e+3,6.275447294288e+3,4.454996141140e+2,9.633497962048e-7,9.365388109731e-2
9.200036700010e-2,1.022891687685e+0,1.023053012118e+0,6.440025690007e+3,6.415103720373e+3,4.462214754556e+2,9.956625174374e-7,9.825175529938e-2
9.400093200011e-2,1.023446966462e+0,1.023608879553e+0,6.580065240007e+3,6.554923866895e+3,4.469485666498e+2,9.940009570487e-7,1.029849376565e-1
9.600149700011e-2,1.024004061802e+0,1.024166332595e+0,6.720104790008e+3,6.694503464637e+3,4.476788297650e+2,9.733750798058e-7,1.078411817212e-1
9.800009100011e-2,1.024562357564e+0,1.024725304957e+0,6.860006370008e+3,6.833685986369e+3,4.484114640250e+2,9.613731759431e-7,1.128157051395e-1
1.000006560001e-1,1.025123704152e+0,1.025287037175e+0,7.000045920008e+3,6.972928296756e+3,4.491489072271e+2,9.727781394611e-7,1.179259405141e-1
1.020012210001e-1,1.025688404572e+0,1.025852212430e+0,7.140085470008e+3,7.112297115873e+3,4.498915717033e+2,1.002696858933e-6,1.231762164445e-1
1.040017860001e-1,1.026256776930e+0,1.026421133764e+0,7.280125020009e+3,7.251861380896e+3,4.506398915287e+2,1.033753352264e-6,1.285712436974e-1
1.060003800001e-1,1.026827947119e+0,1.026992524002e+0,7.420026600009e+3,7.391397958600e+3,4.513927304596e+2,1.050972424542e-6,1.341043182453e-1
1.080009450001e-1,1.027402500319e+0,1.027567562564e+0,7.560066150009e+3,7.531041891597e+3,4.521508738725e+2,1.052196902246e-6,1.397826189590e-1
1.100015100001e-1,1.027979519590e+0,1.028144984492e+0,7.700105700009e+3,7.670563061297e+3,4.529131252515e+2,1.046546832563e-6,1.455984971698e-1
1.120001040001e-1,1.028558490424e+0,1.028724274716e+0,7.840007280010e+3,7.809832525237e+3,4.536788152295e+2,1.045994223636e-6,1.515477591453e-1
1.140006690001e-1,1.029140900449e+0,1.029306984490e+0,7.980046830010e+3,7.949201803601e+3,4.544499237368e+2,1.056639973422e-6,1.576469695133e-1
1.160012340001e-1,1.029726563108e+0,1.029893043041e+0,8.120086380010e+3,8.088617528453e+3,4.552262193109e+2,1.076905357355e-6,1.638958377492e-1
1.180017990001e-1,1.030315675543e+0,1.030483336459e+0,8.260125930010e+3,8.228117922561e+3,4.560079789327e+2,1.099902614750e-6,1.702981353920e-1
1.200003930002e-1,1.030907607878e+0,1.031076509371e+0,8.400027510011e+3,8.367545975956e+3,4.567943815292e+2,1.118594860703e-6,1.768485579144e-1
1.220009580002e-1,1.031503353089e+0,1.031673476911e+0,8.540067060011e+3,8.507127084244e+3,4.575867620144e+2,1.130051368707e-6,1.835597439186e-1
1.240015230002e-1,1.032102157422e+0,1.032273491158e+0,8.680106610011e+3,8.646675739078e+3,4.583841342095e+2,1.135773700960e-6,1.904249251930e-1
1.260001170002e-1,1.032703372092e+0,1.032875866624e+0,8.820008190011e+3,8.786034509561e+3,4.591856473988e+2,1.140178203940e-6,1.974379672661e-1
1.280006820001e-1,1.033308259868e+0,1.033481913214e+0,8.960047740010e+3,8.925488756404e+3,4.599929997754e+2,1.147310778224e-6,2.046150880940e-1
1.300012470001e-1,1.033916384311e+0,1.034091266419e+0,9.100087290009e+3,9.064929009157e+3,4.608056255693e+2,1.159259904131e-6,2.119528464923e-1
1.320018120001e-1,1.034527904507e+0,1.034703920054e+0,9.240126840009e+3,9.204383456884e+3,4.616237535694e+2,1.175492902464e-6,2.194548169453e-1
1.340004060001e-1,1.035142318248e+0,1.035319453836e+0,9.380028420008e+3,9.343729971710e+3,4.624467273867e+2,1.193716639457e-6,2.271163903668e-1
1.360009710001e-1,1.035760871610e+0,1.035939098482e+0,9.520067970007e+3,9.483242207203e+3,4.632762334438e+2,1.211548737856e-6,2.349548833070e-1
1.380015360001e-1,1.036382946218e+0,1.036562231472e+0,9.660107520006e+3,9.622770607101e+3,4.641114614718e+2,1.227235434133e-6,2.429644304192e-1
1.400001300001e-1,1.037007891400e+0,1.037188254913e+0,9.800009100006e+3,9.762161569759e+3,4.649515538994e+2,1.240403404873e-6,2.511382393748e-1
1.420006950001e-1,1.037636927349e+0,1.037818335384e+0,9.940048650005e+3,9.901678574224e+3,4.657981685389e+2,1.251833452567e-6,2.594940296787e-1
1.440012600001e-1,1.038269454518e+0,1.038451943903e+0,1.008008820000e+4,1.004117884658e+4,4.666505176436e+2,1.262810637580e-6,2.680257890726e-1
1.460018250000e-1,1.038905521886e+0,1.039089032838e+0,1.022012775000e+4,1.018066447254e+4,4.675086851694e+2,1.274581373929e-6,2.767359624177e-1
1.480004190000e-1,1.039544568171e+0,1.039729110138e+0,1.036002933000e+4,1.032000465909e+4,4.683719306458e+2,1.287911050281e-6,2.856184905228e-1
1.500009840000e-1,1.040187927651e+0,1.040373458477e+0,1.050006888000e+4,1.045948123167e+4,4.692420753020e+2,1.302958638464e-6,2.946937858678e-1
1.520015490000e-1,1.040835042275e+0,1.041021564368e+0,1.064010843000e+4,1.059896269521e+4,4.701183852848e+2,1.319426230661e-6,3.039560850302e-1
1.540001430000e-1,1.041485326571e+0,1.041672818099e+0,1.078001001000e+4,1.073831453803e+4,4.710000859292e+2,1.336709637245e-6,3.133987628137e-1
1.560007080000e-1,1.042140107172e+0,1.042328573176e+0,1.092004956000e+4,1.087781139516e+4,4.718889961529e+2,1.354300184909e-6,3.230430698129e-1
1.580012730000e-1,1.042798781615e+0,1.042988217407e+0,1.106008911000e+4,1.101731395576e+4,4.727843202443e+2,1.371725666009e-6,3.328823473074e-1
1.600018380000e-1,1.043461382515e+0,1.043651752108e+0,1.120012866000e+4,1.115681928958e+4,4.736861233984e+2,1.388769947840e-6,3.429191211620e-1
1.620004320000e-1,1.044127284245e+0,1.044318585464e+0,1.134003024000e+4,1.129618700517e+4,4.745935736001e+2,1.405417706115e-6,3.531457679707e-1
1.640009970000e-1,1.044797839361e+0,1.044990057174e+0,1.148006979000e+4,1.143569020411e+4,4.755085355320e+2,1.421860700251e-6,3.635851433338e-1
1.660015619999e-1,1.045472435955e+0,1.045665563974e+0,1.162010934000e+4,1.157519027229e+4,4.764301978496e+2,1.438305365526e-6,3.742300405742e-1
1.680001559999e-1,1.046150451991e+0,1.046344493298e+0,1.176001092000e+4,1.171454963970e+4,4.773577312021e+2,1.454981117296e-6,3.850725744041e-1
1.700007209999e-1,1.046833277947e+0,1.047028211253e+0,1.190005046999e+4,1.185404378398e+4,4.782930604702e+2,1.472080738599e-6,3.961371565223e-1
1.720012859999e-1,1.047520302369e+0,1.047716112278e+0,1.204009001999e+4,1.199353606750e+4,4.792353730333e+2,1.489720806133e-6,4.074163052912e-1
1.740018509999e-1,1.048211582127e+0,1.048408275574e+0,1.218012956999e+4,1.213302741410e+4,4.801847705258e+2,1.507956602491e-6,4.189132059690e-1
1.760004449999e-1,1.048906487476e+0,1.049104059434e+0,1.232003114999e+4,1.227238126288e+4,4.811404103025e+2,1.526773271765e-6,4.306194540966e-1
1.780010099999e-1,1.049606445708e+0,1.049804879099e+0,1.246007069999e+4,1.241187291895e+4,4.821042797736e+2,1.546165890264e-6,4.425614208009e-1
1.800015749999e-1,1.050310831191e+0,1.050510111578e+0,1.260011024999e+4,1.255136534194e+4,4.830755443938e+2,1.566071143810e-6,4.547310207244e-1
1.820001689999e-1,1.051019000767e+0,1.051219125338e+0,1.274001182999e+4,1.269072125019e+4,4.840533409807e+2,1.586411709108e-6,4.671193219841e-1
1.840007339998e-1,1.051732408315e+0,1.051933374146e+0,1.288005137999e+4,1.283021537374e+4,4.850397030539e+2,1.607194058234e-6,4.797542028136e-1
1.860012989998e-1,1.052450416194e+0,1.052652213374e+0,1.302009092999e+4,1.296971019894e+4,4.860337775979e+2,1.628364223450e-6,4.926270839759e-1
1.880018639998e-1,1.053173083574e+0,1.053375704547e+0,1.316013047999e+4,1.310920554142e+4,4.870356737063e+2,1.649905664479e-6,5.057415541520e-1
1.900004579998e-1,1.053899751752e+0,1.054103193954e+0,1.330003205999e+4,1.324856376820e+4,4.880445038228e+2,1.671788137573e-6,5.190879925315e-1
1.920010229998e-1,1.054631915665e+0,1.054836171886e+0,1.344007160999e+4,1.338805959184e+4,4.890623716229e+2,1.694074658305e-6,5.326964661044e-1
1.940015879998e-1,1.055368924120e+0,1.055573982432e+0,1.358011115999e+4,1.352755544832e+4,4.900884027275e+2,1.716751961444e-6,5.465577630966e-1
1.960001819998e-1,1.056110108178e+0,1.056315965716e+0,1.372001273998e+4,1.366691378363e+4,4.911216931804e+2,1.739813092857e-6,5.606617596700e-1
1.980007469998e-1,1.056856995996e+0,1.057063654378e+0,1.386005228998e+4,1.380640944481e+4,4.921644034454e+2,1.763332378153e-6,5.750402801465e-1
2.000013119998e-1,1.057608926580e+0,1.057816377481e+0,1.400009183998e+4,1.394590494588e+4,4.932156435760e+2,1.787305507992e-6,5.896836371481e-1
2.020018769997e-1,1.058365969073e+0,1.058574204078e+0,1.414013138998e+4,1.408540027215e+4,4.942755415949e+2,1.811754207271e-6,6.045960207540e-1
2.040004709997e-1,1.059127440511e+0,1.059336457260e+0,1.428003296998e+4,1.422475796911e+4,4.953431710683e+2,1.836674445271e-6,6.197666174639e-1
2.060010359997e-1,1.059894915234e+0,1.060104710364e+0,1.442007251998e+4,1.436425295703e+4,4.964207720029e+2,1.862136892013e-6,6.352297349873e-1
2.080016009997e-1,1.060667718545e+0,1.060878285378e+0,1.456011206998e+4,1.450374779399e+4,4.975074327645e+2,1.888135197385e-6,6.509750301523e-1
2.100001949997e-1,1.061445156382e+0,1.061656491871e+0,1.470001364998e+4,1.464310504505e+4,4.986022091888e+2,1.914661741249e-6,6.669911517061e-1
2.120007599997e-1,1.062228839345e+0,1.062440941009e+0,1.484005319998e+4,1.478259962541e+4,4.997074041765e+2,1.941786308023e-6,6.833143846238e-1
2.140013249997e-1,1.063018082057e+0,1.063230944241e+0,1.498009274998e+4,1.492209409758e+4,5.008220892219e+2,1.969500592371e-6,6.999338784449e-1
2.160018899997e-1,1.063812964993e+0,1.064026585196e+0,1.512013229998e+4,1.506158847158e+4,5.019464144613e+2,1.997822305794e-6,7.168545504809e-1
2.180004839997e-1,1.064612778744e+0,1.064827154023e+0,1.526003387998e+4,1.520094531374e+4,5.030794112437e+2,2.026740879298e-6,7.340643087383e-1
2.200010489997e-1,1.065419185017e+0,1.065634311970e+0,1.540007342998e+4,1.534043951917e+4,5.042234716156e+2,2.056330426265e-6,7.516022500801e-1
2.220016139996e-1,1.066231483805e+0,1.066447360137e+0,1.554011297998e+4,1.547993364799e+4,5.053776439997e+2,2.086581936662e-6,7.694568304752e-1
2.240002079996e-1,1.067048953865e+0,1.067265576831e+0,1.568001455997e+4,1.561929026431e+4,5.065409408751e+2,2.117483963708e-6,7.876153866270e-1
2.260007729996e-1,1.067873297576e+0,1.068090664418e+0,1.582005410997e+4,1.575878425401e+4,5.077158256092e+2,2.149116883791e-6,8.061192700960e-1
2.280013379996e-1,1.068703803732e+0,1.068921912875e+0,1.596009365997e+4,1.589827817842e+4,5.089013289989e+2,2.181471654388e-6,8.249564060680e-1
2.300019029996e-1,1.069540566567e+0,1.069759415234e+0,1.610013320997e+4,1.603777204107e+4,5.100976283359e+2,2.214569825326e-6,8.441326103974e-1
2.320004969996e-1,1.070382848682e+0,1.070602434065e+0,1.624003478997e+4,1.617712840642e+4,5.113037103650e+2,2.248399893634e-6,8.636344392551e-1
2.340010619996e-1,1.071232410139e+0,1.071452732544e+0,1.638007433997e+4,1.631662215561e+4,5.125221401639e+2,2.283052939562e-6,8.835064668503e-1
2.360016269996e-1,1.072088524521e+0,1.072309581147e+0,1.652011388997e+4,1.645611585329e+4,5.137519246516e+2,2.318520600643e-6,9.037358986008e-1
2.380002209996e-1,1.072950442060e+0,1.073172232413e+0,1.666001546997e+4,1.659547206807e+4,5.149920309028e+2,2.354792296490e-6,9.243086929591e-1
2.400007859995e-1,1.073819968867e+0,1.074042490655e+0,1.680005501997e+4,1.673496567559e+4,5.162451056668e+2,2.391968610772e-6,9.452720186594e-1
2.420013509995e-1,1.074696366920e+0,1.074919620453e+0,1.694009456997e+4,1.687445924224e+4,5.175101377244e+2,2.430042904331e-6,9.666125342694e-1
2.440019159995e-1,1.075579747644e+0,1.075803731697e+0,1.708013411997e+4,1.701395276985e+4,5.187873385413e+2,2.469046175340e-6,9.883371856142e-1
2.460005099995e-1,1.076469344404e+0,1.076694057747e+0,1.722003569997e+4,1.715330882639e+4,5.200756484540e+2,2.508970511865e-6,1.010431118818e+0
2.480010749995e-1,1.077367028811e+0,1.077592471507e+0,1.736007524997e+4,1.729280227187e+4,5.213778311001e+2,2.549930526668e-6,1.032945226201e+0
2.500016399995e-1,1.078272047115e+0,1.078498218933e+0,1.750011479996e+4,1.743229566706e+4,5.226928508245e+2,2.591922371222e-6,1.055865430677e+0
2.520002339995e-1,1.079183619756e+0,1.079410520281e+0,1.764001637996e+4,1.757165157152e+4,5.240196275706e+2,2.634939966637e-6,1.079176259532e+0
2.540007989995e-1,1.080103670880e+0,1.080331300330e+0,1.778005592996e+4,1.771114483041e+4,5.253610193071e+2,2.679106995140e-6,1.102931617655e+0
2.560013639995e-1,1.081031434814e+0,1.081259793690e+0,1.792009547996e+4,1.785063799694e+4,5.267159719988e+2,2.724419915399e-6,1.127116875412e+0
2.580019289995e-1,1.081967044605e+0,1.082196133534e+0,1.806013502996e+4,1.799013105401e+4,5.280847404806e+2,2.770917949968e-6,1.151740415103e+0
2.600005229994e-1,1.082909703256e+0,1.083139521747e+0,1.820003660996e+4,1.812948655550e+4,5.294662173554e+2,2.818593350006e-6,1.176785933726e+0
2.620010879994e-1,1.083861410265e+0,1.084091960034e+0,1.834007615996e+4,1.826897935082e+4,5.308633966890e+2,2.867579431139e-6,1.202311689348e+0
2.640016529994e-1,1.084821384181e+0,1.085052666261e+0,1.848011570996e+4,1.840847200620e+4,5.322752003768e+2,2.917871002028e-6,1.228302327192e+0
2.660002469994e-1,1.085788814993e+0,1.086020829465e+0,1.862001728996e+4,1.854782709458e+4,5.337005007726e+2,2.969459592575e-6,1.254740926946e+0
2.680008119994e-1,1.086765763189e+0,1.086998512524e+0,1.876005683996e+4,1.868731949285e+4,5.351424027527e+2,3.022492083014e-6,1.281689295783e+0
2.700013769994e-1,1.087751435646e+0,1.087984920899e+0,1.890009638996e+4,1.882681178867e+4,5.365998106818e+2,3.076968758184e-6,1.309131550910e+0
2.720019419994e-1,1.088745993620e+0,1.088980216854e+0,1.904013593996e+4,1.896630400256e+4,5.380730362042e+2,3.132944982229e-6,1.337077946738e+0
2.740005359994e-1,1.089748609675e+0,1.089983571688e+0,1.918003751996e+4,1.910565871949e+4,5.395609249036e+2,3.190424065757e-6,1.365510749826e+0
2.760011009994e-1,1.090761431818e+0,1.090997135609e+0,1.932007706995e+4,1.924515080757e+4,5.410667418624e+2,3.249586000952e-6,1.394496916649e+0
2.780016659993e-1,1.091783651247e+0,1.092020098911e+0,1.946011661995e+4,1.938464282681e+4,5.425893683925e+2,3.310444706118e-6,1.424019879791e+0
2.800002599993e-1,1.092814427238e+0,1.093051620615e+0,1.960001819995e+4,1.952399732570e+4,5.441276300114e+2,3.373009361534e-6,1.454061303425e+0
2.820008249993e-1,1.093855978656e+0,1.094093920768e+0,1.974005774995e+4,1.966348913382e+4,5.456849224860e+2,3.437475296967e-6,1.484692357789e+0
2.840013899993e-1,1.094907485287e+0,1.095146179298e+0,1.988009729995e+4,1.980298079256e+4,5.472601108441e+2,3.503852343490e-6,1.515895995216e+0
2.860019549993e-1,1.095969144658e+0,1.096208593322e+0,2.002013684995e+4,1.994247228420e+4,5.488535807286e+2,3.572211166693e-6,1.547684920980e+0
2.880005489993e-1,1.097040099203e+0,1.097280305104e+0,2.016003842995e+4,2.008182617800e+4,5.504641328361e+2,3.642554537744e-6,1.580040049977e+0
2.900011139993e-1,1.098122671375e+0,1.098363638517e+0,2.030007797995e+4,2.022131735045e+4,5.520953550781e+2,3.715100000436e-6,1.613038746126e+0
2.920016789993e-1,1.099216027143e+0,1.099457759268e+0,2.044011752995e+4,2.036080839523e+4,5.537460937595e+2,3.789867935982e-6,1.646663408827e+0
2.940002729993e-1,1.100319296885e+0,1.100561796939e+0,2.058001910995e+4,2.050016190094e+4,5.554151324680e+2,3.866880222567e-6,1.680894440282e+0
2.960008379992e-1,1.101434887515e+0,1.101678160274e+0,2.072005865995e+4,2.063965272743e+4,5.571062170854e+2,3.946396920473e-6,1.715814314227e+0
2.980014029992e-1,1.102561954888e+0,1.102806004633e+0,2.086009820995e+4,2.077914342465e+4,5.588181811119e+2,4.028455884775e-6,1.751405068689e+0
3.000019679992e-1,1.103700745252e+0,1.103945576468e+0,2.100013775995e+4,2.091863396037e+4,5.605515103015e+2,4.113170582008e-6,1.787682717716e+0
3.020005619992e-1,1.104850373421e+0,1.105095989968e+0,2.114003933995e+4,2.105798687782e+4,5.623049673427e+2,4.200566455827e-6,1.824627053775e+0
3.040011269992e-1,1.106013370052e+0,1.106259777601e+0,2.128007888994e+4,2.119747702542e+4,5.640825312963e+2,4.290931058815e-6,1.862328105458e+0
3.060016919992e-1,1.107188879940e+0,1.107436083691e+0,2.142011843994e+4,2.133696698625e+4,5.658830237964e+2,4.384303937775e-6,1.900767587067e+0
3.080002859992e-1,1.108376008135e+0,1.108624012616e+0,2.156002001994e+4,2.147631935224e+4,5.677051958943e+2,4.480726962771e-6,1.939924954424e+0
3.100008509992e-1,1.109577387927e+0,1.109826199623e+0,2.170005956994e+4,2.161580898960e+4,5.695532214863e+2,4.580544268743e-6,1.979896555838e+0
3.120014159992e-1,1.110792157221e+0,1.111041782017e+0,2.184009911994e+4,2.175529845562e+4,5.714259169380e+2,4.683826982490e-6,2.020663989948e+0
3.140000099992e-1,1.112019411953e+0,1.112269855142e+0,2.198000069994e+4,2.189465029187e+4,5.733220239282e+2,4.790636950787e-6,2.062206465215e+0
3.160005749991e-1,1.113261897097e+0,1.113513165907e+0,2.212004024994e+4,2.203413932643e+4,5.752459300362e+2,4.901355596215e-6,2.104627279179e+0
3.180011399991e-1,1.114518746040e+0,1.114770847140e+0,2.226007979994e+4,2.217362812516e+4,5.771964516427e+2,5.016057378705e-6,2.147908083535e+0
3.200017049991e-1,1.115790308557e+0,1.116043248943e+0,2.240011934994e+4,2.231311670041e+4,5.791742893044e+2,5.134936349239e-6,2.192071975022e+0
3.220002989991e-1,1.117075672625e+0,1.117329458716e+0,2.254002092994e+4,2.245246763593e+4,5.811781812536e+2,5.258084259358e-6,2.237098113525e+0
3.240008639991e-1,1.118377750203e+0,1.118632390373e+0,2.268006047994e+4,2.259195577507e+4,5.832128370180e+2,5.385977649274e-6,2.283100272489e+0
3.260014289991e-1,1.119695672841e+0,1.119951174969e+0,2.282010002994e+4,2.273144366110e+4,5.852770828264e+2,5.518741133540e-6,2.330060502458e+0
3.280000229991e-1,1.121028525299e+0,1.121284896686e+0,2.296000160994e+4,2.287079384150e+4,5.873696611392e+2,5.656487353966e-6,2.377958160773e+0
3.300005879991e-1,1.122379360185e+0,1.122636610202e+0,2.310004115993e+4,2.301028116333e+4,5.894955550473e+2,5.799753118555e-6,2.426915936318e+0
3.320011529991e-1,1.123747312741e+0,1.124005450236e+0,2.324008070993e+4,2.314976820817e+4,5.916536093201e+2,5.948696207528e-6,2.476916536875e+0
3.340017179990e-1,1.125132842921e+0,1.125391877081e+0,2.338012025993e+4,2.328925497269e+4,5.938447560065e+2,6.103636535700e-6,2.527990694350e+0
3.360003119990e-1,1.126535038065e+0,1.126794977556e+0,2.352002183993e+4,2.342860400666e+4,5.960677585705e+2,6.264753581736e-6,2.580118526093e+0
3.380008769990e-1,1.127957163247e+0,1.128218018901e+0,2.366006138993e+4,2.356809012983e+4,5.983280172314e+2,6.432721702854e-6,2.633436337510e+0
3.400014419990e-1,1.129398366465e+0,1.129660148605e+0,2.380010093993e+4,2.370757590413e+4,6.006244196495e+2,6.607763479914e-6,2.687928319534e+0
3.420000359990e-1,1.130857743850e+0,1.131120462276e+0,2.394000251993e+4,2.384692390615e+4,6.029557604227e+2,6.790108559884e-6,2.743575660212e+0
3.440006009990e-1,1.132338743122e+0,1.132602409920e+0,2.408004206993e+4,2.398640897339e+4,6.053278015282e+2,6.980569509590e-6,2.800526481183e+0
3.460011659990e-1,1.133840530512e+0,1.134105157272e+0,2.422008161993e+4,2.412589365111e+4,6.077394823302e+2,7.179455781223e-6,2.858766726720e+0
3.480017309990e-1,1.135363729586e+0,1.135629328361e+0,2.436012116993e+4,2.426537790967e+4,6.101920821722e+2,7.387281449371e-6,2.918338571863e+0
3.500003249990e-1,1.136907460270e+0,1.137174042620e+0,2.450002274993e+4,2.440472431431e+4,6.126844647703e+2,7.604381909887e-6,2.979225544029e+0
3.520008899990e-1,1.138475451925e+0,1.138743031837e+0,2.464006229993e+4,2.454420770000e+4,6.152229555098e+2,7.831793837873e-6,3.041594189922e+0
3.540014549989e-1,1.140066911764e+0,1.140335502785e+0,2.478010184993e+4,2.468369061561e+4,6.178065999878e+2,8.069970660007e-6,3.105434009995e+0
3.560000489989e-1,1.141680990447e+0,1.141950605651e+0,2.492000342993e+4,2.482303560328e+4,6.204343429222e+2,8.319370644381e-6,3.170731243590e+0
3.580006139989e-1,1.143321664300e+0,1.143592319353e+0,2.506004297992e+4,2.496251748108e+4,6.231130087200e+2,8.581251778547e-6,3.237668771804e+0
3.600011789989e-1,1.144988188409e+0,1.145259898563e+0,2.520008252992e+4,2.510199880917e+4,6.258417610634e+2,8.856216143235e-6,3.306240018970e+0
3.620017439989e-1,1.146681441797e+0,1.146954222935e+0,2.534012207992e+4,2.524147955309e+4,6.286224271122e+2,9.145186108394e-6,3.376505181712e+0
3.640003379989e-1,1.148400641654e+0,1.148674509238e+0,2.548002365992e+4,2.538082225050e+4,6.314541169080e+2,9.448852930015e-6,3.448455987649e+0
3.660009029989e-1,1.150150156094e+0,1.150425128422e+0,2.562006320992e+4,2.552030170576e+4,6.343444547600e+2,9.768902297287e-6,3.522301514443e+0
3.680014679989e-1,1.151929336689e+0,1.152205431715e+0,2.576010275992e+4,2.565978046769e+4,6.372928352927e+2,1.010624211824e-5,3.598042827601e+0
3.700000619989e-1,1.153737477421e+0,1.154014712740e+0,2.590000433992e+4,2.579912107123e+4,6.402985530644e+2,1.046183060243e-5,3.675677750713e+0
3.720006269988e-1,1.155579300740e+0,1.155857697005e+0,2.604004388992e+4,2.593859829684e+4,6.433699635600e+2,1.083780854331e-5,3.755439318101e+0
3.740011919988e-1,1.157454265707e+0,1.157733843312e+0,2.618008343992e+4,2.607807468231e+4,6.465067135566e+2,1.123542277826e-5,3.837336908598e+0
3.760017569988e-1,1.159363674792e+0,1.159644455034e+0,2.632012298992e+4,2.621755017362e+4,6.497115486015e+2,1.165643489250e-5,3.921460886386e+0
3.780003509988e-1,1.161306977897e+0,1.161588981820e+0,2.646002456992e+4,2.635688728919e+4,6.529841299405e+2,1.210233643085e-5,4.007821149333e+0
3.800009159988e-1,1.163289480772e+0,1.163572732853e+0,2.660006411992e+4,2.649636078948e+4,6.563340300550e+2,1.257615613549e-5,4.096690609172e+0
3.820014809988e-1,1.165310856409e+0,1.165595381017e+0,2.674010366992e+4,2.663583319133e+4,6.597613909013e+2,1.307986631951e-5,4.188094925676e+0
3.840000749988e-1,1.167370730907e+0,1.167656552274e+0,2.688000524991e+4,2.677516699831e+4,6.632662824127e+2,1.361559633740e-5,4.282057419281e+0
3.860006399988e-1,1.169474960580e+0,1.169762106724e+0,2.702004479991e+4,2.691463693845e+4,6.668594387379e+2,1.418738217363e-5,4.378889065082e+0
3.880012049988e-1,1.171623457509e+0,1.171911956504e+0,2.716008434991e+4,2.705410550532e+4,6.705415506594e+2,1.479805972118e-5,4.478633529352e+0
3.900017699987e-1,1.173818286074e+0,1.174108167409e+0,2.730012389991e+4,2.719357258369e+4,6.743170362259e+2,1.545139533217e-5,4.581436017636e+0
3.920003639987e-1,1.176059431689e+0,1.176350724967e+0,2.744002547991e+4,2.733290064325e+4,6.781867916356e+2,1.615091479010e-5,4.687346932033e+0
3.940009289987e-1,1.178353705658e+0,1.178646444876e+0,2.758006502991e+4,2.747236435707e+4,6.821635897390e+2,1.690279679650e-5,4.796744023974e+0
3.960014939987e-1,1.180701506267e+0,1.180995725811e+0,2.772010457991e+4,2.761182615990e+4,6.862492321018e+2,1.771183171868e-5,4.909707338757e+0
3.980000879987e-1,1.183103233714e+0,1.183398968349e+0,2.786000615991e+4,2.775114847610e+4,6.904455642117e+2,1.858333951297e-5,5.026318341232e+0
4.000006529987e-1,1.185566658321e+0,1.185863947860e+0,2.800000000000e+4,2.789060590562e+4,6.947674301823e+2,1.952614911468e-5,5.147022587527e+0
4.020012179987e-1,1.185189223295e+0,1.185486477324e+0,2.800000000000e+4,2.786946234554e+4,6.941040864022e+2,8.207658955949e-6,5.128457060032e+0
4.040017829987e-1,1.186131624912e+0,1.186429028293e+0,2.800000000000e+4,2.792210491504e+4,6.957611511110e+2,2.828116359131e-8,5.174860909149e+0
4.060003769987e-1,1.185266887855e+0,1.185564127862e+0,2.800000000000e+4,2.787381961208e+4,6.942405477038e+2,6.986874958152e-6,5.132275159687e+0
4.080009419987e-1,1.185552006893e+0,1.185849290290e+0,2.800000000000e+4,2.788978664496e+4,6.947416723484e+2,1.017227621335e-5,5.146301420067e+0
4.100015069986e-1,1.185930541050e+0,1.186227899307e+0,2.800000000000e+4,2.791091429301e+4,6.954073557492e+2,3.082358350716e-6,5.164946005238e+0
4.120001009986e-1,1.185211269910e+0,1.185508518887e+0,2.800000000000e+4,2.787069958785e+4,6.941428218133e+2,2.488909162667e-7,5.129540791302e+0
4.140006659986e-1,1.185793585003e+0,1.186090928957e+0,2.800000000000e+4,2.790327948141e+4,6.951664582228e+2,4.541167882114e-6,5.158197272404e+0
4.160012309986e-1,1.185673795248e+0,1.185971117428e+0,2.800000000000e+4,2.789659298277e+4,6.949558007977e+2,5.080591883378e-6,5.152297228943e+0
4.180017959986e-1,1.185328103795e+0,1.185625370970e+0,2.800000000000e+4,2.787725165004e+4,6.943481203942e+2,1.035252123853e-6,5.135285395112e+0
4.200003899986e-1,1.185864818063e+0,1.186162175689e+0,2.800000000000e+4,2.790725178618e+4,6.952917459862e+2,4.038739430291e-7,5.161706972764e+0
4.220009549986e-1,1.185483913744e+0,1.185781201485e+0,2.800000000000e+4,2.788597750813e+4,6.946219700565e+2,2.796452605759e-6,5.142950275103e+0
4.240015199986e-1,1.185505782871e+0,1.185803068702e+0,2.800000000000e+4,2.788720115390e+4,6.946604127276e+2,2.432760847658e-6,5.144026453250e+0
4.260001139986e-1,1.185802523125e+0,1.186099867654e+0,2.800000000000e+4,2.790377807142e+4,6.951821781491e+2,2.923532516286e-7,5.158637609074e+0
4.280006789985e-1,1.185410415647e+0,1.185707703327e+0,2.800000000000e+4,2.788186308465e+4,6.944927817287e+2,4.242826039094e-7,5.139334076078e+0
4.300012439985e-1,1.185651058167e+0,1.185948381196e+0,2.800000000000e+4,2.789532291859e+4,6.949158210929e+2,1.636244169785e-6,5.151177646504e+0
4.320018089985e-1,1.185682739961e+0,1.185980060290e+0,2.800000000000e+4,2.789709254324e+4,6.949715291389e+2,1.108286068885e-6,5.152737695756e+0
4.340004029985e-1,1.185437970525e+0,1.185735245127e+0,2.800000000000e+4,2.788340596368e+4,6.945412133319e+2,5.651339688082e-8,5.140689695749e+0
4.360009679985e-1,1.185718915611e+0,1.186016240740e+0,2.800000000000e+4,2.789911248687e+4,6.950351426501e+2,3.607419438914e-7,5.154519250820e+0
4.380015329985e-1,1.185573883684e+0,1.185871192266e+0,2.800000000000e+4,2.789100988008e+4,6.947801329110e+2,9.168947551877e-7,5.147378246140e+0
4.400001269985e-1,1.185517150375e+0,1.185814448331e+0,2.800000000000e+4,2.788783709468e+4,6.946803956685e+2,4.814232473042e-7,5.144585881633e+0
4.420006919985e-1,1.185712080413e+0,1.186009404780e+0,2.800000000000e+4,2.789873088559e+4,6.950231229149e+2,3.171752567091e-9,5.154182617165e+0
4.440012569985e-1,1.185514960212e+0,1.185812248750e+0,2.800000000000e+4,2.788771457442e+4,6.946765455504e+2,2.708008358304e-7,5.144478095438e+0
4.460018219985e-1,1.185596593619e+0,1.185893897902e+0,2.800000000000e+4,2.789227941502e+4,6.948200596861e+2,4.926832243130e-7,5.148496173463e+0
4.480004159984e-1,1.185661718610e+0,1.185959035049e+0,2.800000000000e+4,2.789591843352e+4,6.949345656733e+2,1.941515229530e-7,5.151702559065e+0
4.500009809984e-1,1.185510209653e+0,1.185807498092e+0,2.800000000000e+4,2.788744881336e+4,6.946681945251e+2,1.961860107965e-9,5.144244305473e+0
4.520015459984e-1,1.185645451068e+0,1.185942762163e+0,2.800000000000e+4,2.789500966849e+4,6.949059620961e+2,1.858766885268e-7,5.150901565263e+0
4.540001399984e-1,1.185604301229e+0,1.185901606852e+0,2.800000000000e+4,2.789271022121e+4,6.948336109315e+2,2.544926978732e-7,5.148875612302e+0
4.560007049984e-1,1.185540853512e+0,1.185838146749e+0,2.800000000000e+4,2.788916290277e+4,6.947220646579e+2,7.170501895692e-8,5.145752458436e+0
4.580012699984e-1,1.185655853257e+0,1.185953163859e+0,2.800000000000e+4,2.789559079039e+4,6.949242524033e+2,8.717327671739e-9,5.151413750735e+0
4.600018349984e-1,1.185565382144e+0,1.185862676524e+0,2.800000000000e+4,2.789053455072e+4,6.947651865836e+2,1.193814545830e-7,5.146959770441e+0
4.620004289984e-1,1.185581290916e+0,1.185878587648e+0,2.800000000000e+4,2.789142399246e+4,6.947931555411e+2,1.260931448222e-7,5.147742866891e+0
4.640009939984e-1,1.185638352036e+0,1.185935660393e+0,2.800000000000e+4,2.789461304362e+4,6.948934799576e+2,2.325833659791e-8,5.150552032701e+0
4.660015589983e-1,1.185552914915e+0,1.185850209294e+0,2.800000000000e+4,2.788983742215e+4,6.947432686715e+2,1.229564842257e-8,5.146346113282e+0
4.680001529983e-1,1.185611816484e+0,1.185909118056e+0,2.800000000000e+4,2.789313024376e+4,6.948468241544e+2,7.230194208501e-8,5.149245592058e+0
4.700007179983e-1,1.185610493692e+0,1.185907793134e+0,2.800000000000e+4,2.789305631612e+4,6.948444984270e+2,5.974904291861e-8,5.149180469612e+0
4.720012829983e-1,1.185561912704e+0,1.185859204422e+0,2.800000000000e+4,2.789034055925e+4,6.947590871161e+2,6.098458409880e-9,5.146788996161e+0
4.740018479983e-1,1.185624093010e+0,1.185921396608e+0,2.800000000000e+4,2.789381630219e+4,6.948684089436e+2,1.213247304812e-8,5.149849993680e+0
4.760004419983e-1,1.185587226837e+0,1.185884523671e+0,2.800000000000e+4,2.789175582669e+4,6.948035915814e+2,4.193956973236e-8,5.148035069594e+0
4.780010069983e-1,1.185580637837e+0,1.185877932513e+0,2.800000000000e+4,2.789138748233e+4,6.947920073581e+2,2.695481157613e-8,5.147710718685e+0
4.800015719983e-1,1.185620383556e+0,1.185917684882e+0,2.800000000000e+4,2.789360901293e+4,6.948618868747e+2,1.013048140151e-9,5.149667365866e+0
4.820001659983e-1,1.185575989654e+0,1.185873283019e+0,2.800000000000e+4,2.789112762060e+4,6.947838353924e+2,9.876170773421e-9,5.147481911402e+0
4.840007309982e-1,1.185597986167e+0,1.185895282790e+0,2.800000000000e+4,2.789235725203e+4,6.948225080009e+2,2.328872260101e-8,5.148564726560e+0
4.860012959982e-1,1.185608154147e+0,1.185905452462e+0,2.800000000000e+4,2.789292556222e+4,6.948403850616e+2,1.147323593023e-8,5.149065292126e+0
4.880018609982e-1,1.185576631578e+0,1.185873924351e+0,2.800000000000e+4,2.789116350883e+4,6.947849639561e+2,2.103605349091e-11,5.147513509986e+0
4.900004549982e-1,1.185607631329e+0,1.185904929564e+0,2.800000000000e+4,2.789289634223e+4,6.948394658502e+2,7.255768520478e-9,5.149039553555e+0
4.920010199982e-1,1.185595481896e+0,1.185892778231e+0,2.800000000000e+4,2.789221727404e+4,6.948181051088e+2,1.240973350310e-8,5.148441445209e+0
4.940015849982e-1,1.185584338467e+0,1.185881632125e+0,2.800000000000e+4,2.789159436134e+4,6.947985134764e+2,4.545712711762e-9,5.147892885346e+0
4.960001789982e-1,1.185608701078e+0,1.185905998097e+0,2.800000000000e+4,2.789295612972e+4,6.948413466693e+2,9.647630505575e-11,5.149092217856e+0
4.980007439982e-1,1.185587540021e+0,1.185884833569e+0,2.800000000000e+4,2.789177333397e+4,6.948041421979e+2,4.907944665242e-9,5.148050486614e+0
5.000013089982e-1,1.185593407469e+0,1.185890702665e+0,2.800000000000e+4,2.789210131978e+4,6.948144579616e+2,6.348134053308e-9,5.148339325247e+0
5.020018739982e-1,1.185604064561e+0,1.185901361597e+0,2.800000000000e+4,2.789269699346e+4,6.948331948270e+2,1.635289287175e-9,5.148863961169e+0
5.040004679981e-1,1.185585661642e+0,1.185882954897e+0,2.800000000000e+4,2.789166832992e+4,6.948008397759e+2,2.824883101682e-10,5.147958020399e+0
5.060010329981e-1,1.185599737711e+0,1.185897033028e+0,2.800000000000e+4,2.789245515376e+4,6.948255874962e+2,3.112764098598e-9,5.148650953056e+0
5.080015979981e-1,1.185597709075e+0,1.185895004062e+0,2.800000000000e+4,2.789234176398e+4,6.948220208308e+2,3.113355954070e-9,5.148551085725e+0
5.100001919981e-1,1.185588276998e+0,1.185885570495e+0,2.800000000000e+4,2.789181453145e+4,6.948054378961e+2,5.189050189925e-10,5.148086765634e+0
5.120007569981e-1,1.185601873389e+0,1.185899169258e+0,2.800000000000e+4,2.789257452405e+4,6.948293423700e+2,3.602888523604e-10,5.148756090698e+0
5.140013219981e-1,1.185592796263e+0,1.185890090415e+0,2.800000000000e+4,2.789206715473e+4,6.948133833739e+2,1.871922333045e-9,5.148309236920e+0
5.160018869981e-1,1.185592618795e+0,1.185889912783e+0,2.800000000000e+4,2.789205723464e+4,6.948130713604e+2,1.459343328960e-9,5.148300500587e+0
5.180004809981e-1,1.185600570172e+0,1.185897865555e+0,2.800000000000e+4,2.789250168313e+4,6.948270510981e+2,1.275145456089e-10,5.148691934314e+0
5.200010459981e-1,1.185590716306e+0,1.185888009930e+0,2.800000000000e+4,2.789195088824e+4,6.948097265215e+2,3.394694755471e-10,5.148206845764e+0
5.220016109980e-1,1.185596343190e+0,1.185893637618e+0,2.800000000000e+4,2.789226541708e+4,6.948196193937e+2,1.074375794049e-9,5.148483845244e+0
5.240002049980e-1,1.185597653692e+0,1.185894948295e+0,2.800000000000e+4,2.789233866831e+4,6.948219234580e+2,6.535884190342e-10,5.148548359274e+0
5.260007699980e-1,1.185591210667e+0,1.185888504309e+0,2.800000000000e+4,2.789197852252e+4,6.948105956760e+2,1.783064576492e-11,5.148231181882e+0
5.280013349980e-1,1.185598206952e+0,1.185895501867e+0,2.800000000000e+4,2.789236959281e+4,6.948228961764e+2,2.715011190473e-10,5.148575595537e+0
5.300018999980e-1,1.185594904229e+0,1.185892198409e+0,2.800000000000e+4,2.789218498445e+4,6.948170894848e+2,5.908052591082e-10,5.148413007738e+0
5.320004939980e-1,1.185593102704e+0,1.185890396408e+0,2.800000000000e+4,2.789208428417e+4,6.948139221423e+2,2.745162364240e-10,5.148324322365e+0
5.340010589980e-1,1.185598183378e+0,1.185895477935e+0,2.800000000000e+4,2.789236827511e+4,6.948228547285e+2,1.346813876420e-14,5.148574434989e+0
5.360016239980e-1,1.185593321633e+0,1.185890615460e+0,2.800000000000e+4,2.789209652176e+4,6.948143070496e+2,1.952191322405e-10,5.148335099728e+0
5.380002179980e-1,1.185595112374e+0,1.185892406577e+0,2.800000000000e+4,2.789219661904e+4,6.948174554337e+2,3.120371589275e-10,5.148423254304e+0
5.400007829980e-1,1.185597001274e+0,1.185894295724e+0,2.800000000000e+4,2.789230220119e+4,6.948207764068e+2,1.068693555390e-10,5.148516241704e+0
5.420013479979e-1,1.185593094834e+0,1.185890388525e+0,2.800000000000e+4,2.789208384425e+4,6.948139083056e+2,4.241746895799e-12,5.148323934941e+0
5.440019129979e-1,1.185596394836e+0,1.185893689076e+0,2.800000000000e+4,2.789226830387e+4,6.948197101950e+2,1.298950920141e-10,5.148486387688e+0
5.460005069979e-1,1.185595569131e+0,1.185892863245e+0,2.800000000000e+4,2.789222215015e+4,6.948182584806e+2,1.582605359839e-10,5.148445739621e+0
5.480010719979e-1,1.185593796534e+0,1.185891090353e+0,2.800000000000e+4,2.789212306753e+4,6.948151419938e+2,3.751513816248e-11,5.148358478086e+0
5.500016369979e-1,1.185596733270e+0,1.185894027573e+0,2.800000000000e+4,2.789228722092e+4,6.948203052139e+2,9.131265688958e-12,5.148503048260e+0
