# Snap-through, slower ramp, 2 μs cap
t_s,lambda_eq,lambda_max,p_Pa,p_closed_Pa,V_mL,kinetic_J,internal_J
0.000000000000e+0,1.000000000000e+0,1.000000007451e+0,0.000000000000e+0,0.000000000000e+0,4.169284389479e+2,0.000000000000e+0,8.464590615018e-17
2.000565000000e-3,1.000255334211e+0,1.000300938476e+0,9.002542500000e+1,7.907605607861e+1,4.172478887830e+2,2.686050503450e-7,1.267637420280e-5
4.001130000000e-3,1.000579854411e+0,1.000632235380e+0,1.800508500000e+2,1.793168807629e+2,4.176541329650e+2,9.074210877993e-7,6.533136855554e-5
6.001695000000e-3,1.000899783191e+0,1.000971453949e+0,2.700762750000e+2,2.778533280349e+2,4.180548875027e+2,2.601159689011e-7,1.572395657894e-4
8.000289000000e-3,1.001162784457e+0,1.001258261803e+0,3.600130050000e+2,3.586442132163e+2,4.183845244749e+2,2.218230727792e-8,2.624903635065e-4
1.000085400000e-2,1.001430799559e+0,1.001541075753e+0,4.500384300000e+2,4.407788389702e+2,4.187206238403e+2,2.659652103076e-7,3.972829062039e-4
1.200141900000e-2,1.001748025192e+0,1.001865284454e+0,5.400638550000e+2,5.377386905354e+2,4.191186673082e+2,7.001739907438e-7,5.926909180453e-4
1.400001300000e-2,1.002063877408e+0,1.002187027270e+0,6.300005850000e+2,6.340042246594e+2,4.195152380033e+2,2.961673816802e-7,8.258289581133e-4
1.600057800000e-2,1.002340221659e+0,1.002469839931e+0,7.200260100000e+2,7.180044526612e+2,4.198624092780e+2,6.668745953519e-8,1.061329888351e-3
1.800114300000e-2,1.002616082337e+0,1.002751011947e+0,8.100514350000e+2,8.016496838989e+2,4.202091640206e+2,2.367463156715e-7,1.325721742167e-3
2.000170800000e-2,1.002926795148e+0,1.003065776708e+0,9.000768600000e+2,8.956144130408e+2,4.205999561862e+2,5.629490685312e-7,1.658526551012e-3
2.200030200000e-2,1.003242154763e+0,1.003384746471e+0,9.900135900000e+2,9.907162717287e+2,4.209968404441e+2,3.446192694219e-7,2.034178879818e-3
2.400086700000e-2,1.003530661796e+0,1.003677196787e+0,1.080039015000e+3,1.077484347692e+3,4.213601489864e+2,1.203266712358e-7,2.411211583738e-3
2.600143200000e-2,1.003812857606e+0,1.003962798492e+0,1.170064440000e+3,1.162136813352e+3,4.217157121375e+2,2.071602744277e-7,2.810796207195e-3
2.800002600000e-2,1.004118020306e+0,1.004268661941e+0,1.260001170000e+3,1.253437397526e+3,4.221004383279e+2,4.556447282517e-7,3.277130458960e-3
3.000059100000e-2,1.004433738016e+0,1.004583295564e+0,1.350026595000e+3,1.347632583739e+3,4.224987176744e+2,3.873912176903e-7,3.796973238205e-3
3.200115600000e-2,1.004733013327e+0,1.004883996123e+0,1.440052020000e+3,1.436675598932e+3,4.228764860882e+2,1.845261599379e-7,4.324785792668e-3
3.400172100000e-2,1.005022065499e+0,1.005177260200e+0,1.530077445000e+3,1.522449772689e+3,4.232415637769e+2,1.936983908714e-7,4.866898722431e-3
3.600031500001e-2,1.005323909006e+0,1.005480354564e+0,1.620014175000e+3,1.611782081215e+3,4.236230213435e+2,3.676664081225e-7,5.466860595198e-3
3.800088000001e-2,1.005638703669e+0,1.005793294378e+0,1.710039600000e+3,1.704689480863e+3,4.240210901440e+2,4.061776039198e-7,6.129360078604e-3
4.000144500001e-2,1.005946760511e+0,1.006103384475e+0,1.800065025001e+3,1.795354123260e+3,4.244108800813e+2,2.563580205840e-7,6.813994532408e-3
4.200003900002e-2,1.006243677876e+0,1.006402068527e+0,1.890001755001e+3,1.882503001556e+3,4.247868010448e+2,2.022600326654e-7,7.507818595624e-3
4.400060400002e-2,1.006544962707e+0,1.006700903917e+0,1.980027180001e+3,1.970696359990e+3,4.251684784044e+2,2.990552609573e-7,8.245857435265e-3
4.600116900002e-2,1.006857778727e+0,1.007015945448e+0,2.070052605001e+3,2.062012816493e+3,4.255650056959e+2,3.901588708437e-7,9.048338505334e-3
4.800173400003e-2,1.007171810525e+0,1.007329652142e+0,2.160078030001e+3,2.153426313265e+3,4.259633220197e+2,3.228147426350e-7,9.890972078658e-3
5.000032800003e-2,1.007477592495e+0,1.007635214442e+0,2.250014760001e+3,2.242190747889e+3,4.263514130634e+2,2.378067671196e-7,1.074707061581e-2
5.200089300003e-2,1.007781403329e+0,1.007939390590e+0,2.340040185002e+3,2.330141753707e+3,4.267372357676e+2,2.608436845099e-7,1.163238664710e-2
5.400145800004e-2,1.008092408077e+0,1.008249648630e+0,2.430065610002e+3,2.419926981688e+3,4.271324353624e+2,3.468910534549e-7,1.257447516376e-2
5.600005200004e-2,1.008408754054e+0,1.008566548221e+0,2.520002340002e+3,2.510997143935e+3,4.275346723980e+2,3.598084758716e-7,1.356985334564e-2
5.800061700004e-2,1.008722790526e+0,1.008879975576e+0,2.610027765002e+3,2.601146774715e+3,4.279342225669e+2,2.919254547093e-7,1.459492497852e-2
6.000118200005e-2,1.009032345980e+0,1.009189207930e+0,2.700053190002e+3,2.689761460799e+3,4.283283150675e+2,2.604461792576e-7,1.564135477323e-2
6.200174700005e-2,1.009343630356e+0,1.009500648720e+0,2.790078615002e+3,2.778622908455e+3,4.287248525512e+2,3.032044895287e-7,1.672960032399e-2
6.400034100006e-2,1.009660283313e+0,1.009815979782e+0,2.880015345002e+3,2.868762305314e+3,4.291284799651e+2,3.536173544464e-7,1.787356765063e-2
6.600090600006e-2,1.009979476204e+0,1.010135653871e+0,2.970040770003e+3,2.959365598892e+3,4.295356012616e+2,3.390419574845e-7,1.906437147254e-2
6.800147100006e-2,1.010296145727e+0,1.010451797840e+0,3.060066195003e+3,3.048996289658e+3,4.299397584435e+2,2.934638941794e-7,2.028306716346e-2
7.000006500007e-2,1.010610767414e+0,1.010765250725e+0,3.150002925003e+3,3.137795236039e+3,4.303415530114e+2,2.868882052059e-7,2.153062280930e-2
7.200063000007e-2,1.010928195139e+0,1.011082838091e+0,3.240028350003e+3,3.227132219521e+3,4.307471847011e+2,3.236642305627e-7,2.282636091961e-2
7.400119500007e-2,1.011249528967e+0,1.011403736066e+0,3.330053775003e+3,3.317309496063e+3,4.311580674217e+2,3.512297081514e-7,2.417589504937e-2
7.600176000008e-2,1.011571927934e+0,1.011725119508e+0,3.420079200003e+3,3.407524529842e+3,4.315705746208e+2,3.350418793476e-7,2.556811500939e-2
7.800035400008e-2,1.011892528827e+0,1.012045094215e+0,3.510015930004e+3,3.496977774104e+3,4.319810420246e+2,3.069247117629e-7,2.699046688530e-2
8.000091900008e-2,1.012212985071e+0,1.012365290487e+0,3.600041355004e+3,3.586133666566e+3,4.323915842388e+2,3.072154808608e-7,2.844988288615e-2
8.200148400009e-2,1.012535627458e+0,1.012687524637e+0,3.690066780004e+3,3.675638968884e+3,4.328051898572e+2,3.334824026192e-7,2.995727936986e-2
8.400007800009e-2,1.012860732023e+0,1.013011841978e+0,3.780003510004e+3,3.765565415296e+3,4.332222185186e+2,3.509956264919e-7,3.151471004982e-2
8.600064300009e-2,1.013187127914e+0,1.013337391864e+0,3.870028935004e+3,3.855585374509e+3,4.336411730289e+2,3.409033488461e-7,3.311717344490e-2
8.800120800010e-2,1.013512948965e+0,1.013662478839e+0,3.960054360004e+3,3.945184071505e+3,4.340596589916e+2,3.228643984169e-7,3.475557388288e-2
9.000177300010e-2,1.013838796450e+0,1.013987648260e+0,4.050079785004e+3,4.034528295315e+3,4.344784480928e+2,3.225892726020e-7,3.643277566974e-2
9.200036700010e-2,1.014165980712e+0,1.014314243153e+0,4.140016515005e+3,4.123976466806e+3,4.348992262039e+2,3.398054024926e-7,3.815570472380e-2
9.400093200011e-2,1.014495661895e+0,1.014643673520e+0,4.230041940005e+3,4.213841918190e+3,4.353234902028e+2,3.538440863712e-7,3.993109263331e-2
9.600149700011e-2,1.014826520616e+0,1.014975245626e+0,4.320067365005e+3,4.303761364100e+3,4.357495468836e+2,3.505575654683e-7,4.175242976289e-2
9.800009100011e-2,1.015157162611e+0,1.015306667475e+0,4.410004095005e+3,4.393355515915e+3,4.361756021060e+2,3.391204998822e-7,4.361214993744e-2
1.000006560001e-1,1.015488363804e+0,1.015638634577e+0,4.500029520005e+3,4.482835015772e+3,4.366026562268e+2,3.363238112490e-7,4.551461533468e-2
1.020012210001e-1,1.015820760072e+0,1.015971679238e+0,4.590054945005e+3,4.572370345277e+3,4.370315314573e+2,3.462843848157e-7,4.746372966044e-2
1.040017860001e-1,1.016154921395e+0,1.016306550321e+0,4.680080370006e+3,4.662112275471e+3,4.374629670597e+2,3.582225384137e-7,4.946330322866e-2
1.060003800001e-1,1.016490131350e+0,1.016642412834e+0,4.770017100006e+3,4.751865824499e+3,4.378960417360e+2,3.608018917786e-7,5.150949139625e-2
1.080009450001e-1,1.016826327532e+0,1.016979225773e+0,4.860042525006e+3,4.841612648028e+3,4.383306775576e+2,3.549875619131e-7,5.360221536917e-2
1.100015100001e-1,1.017162958256e+0,1.017316530829e+0,4.950067950006e+3,4.931204585675e+3,4.387661632188e+2,3.507766835235e-7,5.573823216283e-2
1.120001040001e-1,1.017500135541e+0,1.017654264794e+0,5.040004680006e+3,5.020671095895e+3,4.392026449900e+2,3.546213357115e-7,5.791836399592e-2
1.140006690001e-1,1.017839036550e+0,1.017993762688e+0,5.130030105006e+3,5.110322622615e+3,4.396416497519e+2,3.635180241028e-7,6.015056681811e-2
1.160012340001e-1,1.018179381673e+0,1.018334651391e+0,5.220055530006e+3,5.200082216043e+3,4.400828194987e+2,3.697227064659e-7,6.243350665231e-2
1.180017990001e-1,1.018520791672e+0,1.018676604550e+0,5.310080955007e+3,5.289847676328e+3,4.405256660075e+2,3.695250499477e-7,6.476502834295e-2
1.200003930002e-1,1.018862593552e+0,1.019018910245e+0,5.400017685007e+3,5.379441147017e+3,4.409693183240e+2,3.664690098684e-7,6.714073311892e-2
1.220009580002e-1,1.019205501891e+0,1.019362335692e+0,5.490043110007e+3,5.469048981542e+3,4.414147060197e+2,3.662565044263e-7,6.956579232448e-2
1.240015230002e-1,1.019549492077e+0,1.019706841619e+0,5.580068535007e+3,5.558662967334e+3,4.418618000962e+2,3.708862390665e-7,7.204036226205e-2
1.260001170002e-1,1.019894460922e+0,1.020052269534e+0,5.670005265007e+3,5.648254600503e+3,4.423104692478e+2,3.773161198398e-7,7.456400772927e-2
1.280006820001e-1,1.020241044588e+0,1.020399305849e+0,5.760030690006e+3,5.737986839619e+3,4.427615444025e+2,3.813825019082e-7,7.714178740812e-2
1.300012470001e-1,1.020588678522e+0,1.020747383690e+0,5.850056115006e+3,5.827711178175e+3,4.432142944375e+2,3.818069419645e-7,7.976992056123e-2
1.320018120001e-1,1.020937205082e+0,1.021096364282e+0,5.940081540006e+3,5.917385464544e+3,4.436685167324e+2,3.809872137038e-7,8.244750128122e-2
1.340004060001e-1,1.021286328954e+0,1.021445892006e+0,6.030018270005e+3,6.006932803996e+3,4.441238285122e+2,3.820436531615e-7,8.517246337303e-2
1.360009710001e-1,1.021636913373e+0,1.021796870253e+0,6.120043695005e+3,6.096573016831e+3,4.445813584295e+2,3.858666032716e-7,8.795185142379e-2
1.380015360001e-1,1.021988746633e+0,1.022149116878e+0,6.210069120004e+3,6.186249599885e+3,4.450408339447e+2,3.908020982171e-7,9.078441410869e-2
1.400001300001e-1,1.022341465154e+0,1.022502212449e+0,6.300005850004e+3,6.275868209759e+3,4.455017832305e+2,3.945104875293e-7,9.366754546686e-2
1.420006950001e-1,1.022695652659e+0,1.022856770174e+0,6.390031275003e+3,6.365575225165e+3,4.459649724185e+2,3.961524730983e-7,9.660637881408e-2
1.440012600001e-1,1.023050869113e+0,1.023212347032e+0,6.480056700003e+3,6.455257095113e+3,4.464298295571e+2,3.967777330174e-7,9.959765172648e-2
1.460018250000e-1,1.023407121993e+0,1.023568954377e+0,6.570082125002e+3,6.544914133942e+3,4.468963673597e+2,3.981263010619e-7,1.026417358339e-1
1.480004190000e-1,1.023764147038e+0,1.023926310601e+0,6.660018855002e+3,6.634478577282e+3,4.473642423432e+2,4.010464520558e-7,1.057366340324e-1
1.500009840000e-1,1.024122734689e+0,1.024285235655e+0,6.750044280001e+3,6.724146831320e+3,4.478344936875e+2,4.050147629110e-7,1.088895570653e-1
1.520015490000e-1,1.024482558643e+0,1.024645375334e+0,6.840069705001e+3,6.813834859055e+3,4.483066974458e+2,4.087877190726e-7,1.120980811770e-1
1.540001430000e-1,1.024843222301e+0,1.025006352067e+0,6.930006435000e+3,6.903442243120e+3,4.487803361433e+2,4.115119404286e-7,1.153589806909e-1
1.560007080000e-1,1.025205382828e+0,1.025368810552e+0,7.020031860000e+3,6.993130385203e+3,4.492562761556e+2,4.133096265952e-7,1.186785567451e-1
1.580012730000e-1,1.025568663596e+0,1.025732385028e+0,7.110057284999e+3,7.082803809831e+3,4.497340262920e+2,4.149838400646e-7,1.220537692178e-1
1.600018380000e-1,1.025933092416e+0,1.026097089335e+0,7.200082709999e+3,7.172467604481e+3,4.502136264177e+2,4.173091941159e-7,1.254852234112e-1
1.620004320000e-1,1.026298361142e+0,1.026462641732e+0,7.290019439998e+3,7.262044519670e+3,4.506946739124e+2,4.204611185507e-7,1.289703121433e-1
1.640009970000e-1,1.026665229874e+0,1.026829772527e+0,7.380044864998e+3,7.351718986421e+3,4.511781733584e+2,4.240345859481e-7,1.325166668727e-1
1.660015619999e-1,1.027033347751e+0,1.027198147168e+0,7.470070289997e+3,7.441402783234e+3,4.516636665010e+2,4.274135465419e-7,1.361213524220e-1
1.680001559999e-1,1.027402332211e+0,1.027567384276e+0,7.560007019997e+3,7.531001138555e+3,4.521506519247e+2,4.302458556604e-7,1.397809410888e-1
1.700007209999e-1,1.027772890500e+0,1.027938189042e+0,7.650032444996e+3,7.620683834042e+3,4.526400666486e+2,4.326329216198e-7,1.435028270557e-1
1.720012859999e-1,1.028144654103e+0,1.028310182227e+0,7.740057869996e+3,7.710359325161e+3,4.531314280550e+2,4.349603446658e-7,1.472837529126e-1
1.740018509999e-1,1.028517639699e+0,1.028683399980e+0,7.830083294995e+3,7.800029708964e+3,4.536247617964e+2,4.376039544003e-7,1.511242658257e-1
1.760004449999e-1,1.028891506654e+0,1.029057492137e+0,7.920020024995e+3,7.889611563965e+3,4.541196204865e+2,4.406841467054e-7,1.550211745220e-1
1.780010099999e-1,1.029267017364e+0,1.029433212215e+0,8.010045449994e+3,7.979285536073e+3,4.546170170262e+2,4.440585080933e-7,1.589828218927e-1
1.800015749999e-1,1.029643816736e+0,1.029810223363e+0,8.100070874994e+3,8.068964311797e+3,4.551164854478e+2,4.474445428382e-7,1.630059356504e-1
1.820001689999e-1,1.030021531592e+0,1.030188526319e+0,8.190007604994e+3,8.158557443478e+3,4.556175344246e+2,4.506216286958e-7,1.670868667133e-1
1.840007339998e-1,1.030400902324e+0,1.030568710182e+0,8.280033029993e+3,8.248238483755e+3,4.561211499973e+2,4.535584315415e-7,1.712340199727e-1
1.860012989998e-1,1.030781555710e+0,1.030950173598e+0,8.370058454993e+3,8.337916702063e+3,4.566268411557e+2,4.563731930968e-7,1.754437913769e-1
1.880018639998e-1,1.031163499039e+0,1.031332917135e+0,8.460083879992e+3,8.427591761060e+3,4.571346215094e+2,4.592516801941e-7,1.797166676464e-1
1.900004579998e-1,1.031546369150e+0,1.031716575673e+0,8.550020609992e+3,8.517176776527e+3,4.576440116619e+2,4.623244198618e-7,1.840489238938e-1
1.920010229998e-1,1.031930938709e+0,1.032101924808e+0,8.640046034991e+3,8.606850433567e+3,4.581560436423e+2,4.656167381330e-7,1.884497195707e-1
1.940015879998e-1,1.032316846383e+0,1.032488609363e+0,8.730071459991e+3,8.696525882139e+3,4.586702410191e+2,4.690490772326e-7,1.929154157125e-1
1.960001819998e-1,1.032703720392e+0,1.032876246345e+0,8.820008189990e+3,8.786115026354e+3,4.591861120076e+2,4.724994166649e-7,1.974420649597e-1
1.980007469998e-1,1.033092329792e+0,1.033265613415e+0,8.910033614990e+3,8.875793782799e+3,4.597046862908e+2,4.758888217338e-7,2.020390973075e-1
2.000013119998e-1,1.033482297753e+0,1.033656330868e+0,9.000059039989e+3,8.965472549635e+3,4.602254658163e+2,4.791882740242e-7,2.067025627235e-1
2.020018769997e-1,1.033873629381e+0,1.034048403513e+0,9.090084464989e+3,9.055150315749e+3,4.607484616687e+2,4.824373660805e-7,2.114329582705e-1
2.040004709997e-1,1.034265945157e+0,1.034441453150e+0,9.180021194988e+3,9.144738383544e+3,4.612731703521e+2,4.857054715103e-7,2.162260597366e-1
2.060010359997e-1,1.034660029933e+0,1.034836266892e+0,9.270046619988e+3,9.234413771394e+3,4.618006459222e+2,4.890603859207e-7,2.210918982247e-1
2.080016009997e-1,1.035055510333e+0,1.035232467445e+0,9.360072044987e+3,9.324088819885e+3,4.623303936153e+2,4.925307242708e-7,2.260263861636e-1
2.100001949997e-1,1.035452007676e+0,1.035629678826e+0,9.450008774987e+3,9.413675880625e+3,4.628619100441e+2,4.961034294227e-7,2.310251747832e-1
2.120007599997e-1,1.035850315734e+0,1.036028693200e+0,9.540034199986e+3,9.503352028849e+3,4.633962637999e+2,4.997509803035e-7,2.360987287531e-1
2.140013249997e-1,1.036250054486e+0,1.036429131671e+0,9.630059624986e+3,9.593028939038e+3,4.639329502335e+2,5.034278780028e-7,2.412427459227e-1
2.160018899997e-1,1.036651232915e+0,1.036831003596e+0,9.720085049985e+3,9.682706315677e+3,4.644719860270e+2,5.071042488359e-7,2.464578080227e-1
2.180004839997e-1,1.037053462129e+0,1.037233919447e+0,9.810021779985e+3,9.772295382551e+3,4.650128526983e+2,5.107680306869e-7,2.517392512908e-1
2.200010489997e-1,1.037457544479e+0,1.037638683418e+0,9.900047204984e+3,9.861972513036e+3,4.655566338575e+2,5.144377594966e-7,2.570980839379e-1
2.220016139996e-1,1.037863093776e+0,1.038044908561e+0,9.990072629984e+3,9.951649171893e+3,4.661028151880e+2,5.181323416340e-7,2.625297396999e-1
2.240002079996e-1,1.038269719116e+0,1.038452203185e+0,1.008000935998e+4,1.004123703676e+4,4.666508744144e+2,5.218723602745e-7,2.680293852040e-1
2.260007729996e-1,1.038678234088e+0,1.038861381207e+0,1.017003478498e+4,1.013091297219e+4,4.672019129777e+2,5.256805323232e-7,2.736085100820e-1
2.280013379996e-1,1.039088250374e+0,1.039272055699e+0,1.026006020998e+4,1.022058884629e+4,4.677554126520e+2,5.295594317172e-7,2.792623813770e-1
2.300019029996e-1,1.039499779937e+0,1.039684237252e+0,1.035008563498e+4,1.031026484746e+4,4.683113945755e+2,5.335046364449e-7,2.849916600543e-1
2.320004969996e-1,1.039912426790e+0,1.040097530440e+0,1.044002236498e+4,1.039985273026e+4,4.688693281596e+2,5.375012482383e-7,2.907912529925e-1
2.340010619996e-1,1.040327016202e+0,1.040512762023e+0,1.053004778998e+4,1.048952920022e+4,4.694303343447e+2,5.415461550531e-7,2.966732644025e-1
2.360016269996e-1,1.040743153185e+0,1.040929535834e+0,1.062007321498e+4,1.057920584504e+4,4.699938844703e+2,5.456260776173e-7,3.026326818629e-1
2.380002209996e-1,1.041160436565e+0,1.041347450283e+0,1.071000994498e+4,1.066879420573e+4,4.705594398055e+2,5.497327296858e-7,3.086641929008e-1
2.400007859995e-1,1.041579700676e+0,1.041767340326e+0,1.080003536998e+4,1.075847088964e+4,4.711281364305e+2,5.538754664989e-7,3.147803767147e-1
2.420013509995e-1,1.042000546279e+0,1.042188807803e+0,1.089006079498e+4,1.084814746716e+4,4.716994388273e+2,5.580548130320e-7,3.209760163317e-1
2.440019159995e-1,1.042422985227e+0,1.042611863729e+0,1.098008621998e+4,1.093782390453e+4,4.722733684968e+2,5.622774421909e-7,3.272518159594e-1
2.460005099995e-1,1.042846611132e+0,1.043036101583e+0,1.107002294998e+4,1.102741185768e+4,4.728493780951e+2,5.665458972141e-7,3.336021886150e-1
2.480010749995e-1,1.043272271991e+0,1.043462370439e+0,1.116004837498e+4,1.111708806270e+4,4.734286261906e+2,5.708730741773e-7,3.400403858141e-1
2.500016399995e-1,1.043699563479e+0,1.043890264913e+0,1.125007379998e+4,1.120676421461e+4,4.740105688669e+2,5.752578830698e-7,3.465609216457e-1
2.520002339995e-1,1.044128075001e+0,1.044319374888e+0,1.134001052998e+4,1.129635200979e+4,4.745946518834e+2,5.796966449694e-7,3.531579952752e-1
2.540007989995e-1,1.044558664617e+0,1.044750559434e+0,1.143003595498e+4,1.138602817923e+4,4.751820505555e+2,5.841972930084e-7,3.598453726198e-1
2.560013639995e-1,1.044990923535e+0,1.045183409056e+0,1.152006137998e+4,1.147570439297e+4,4.757722137426e+2,5.887539449293e-7,3.666173523372e-1
2.580019289995e-1,1.045424864819e+0,1.045617937129e+0,1.161008680498e+4,1.156538065445e+4,4.763651651613e+2,5.933648787637e-7,3.734747064848e-1
2.600005229994e-1,1.045860071589e+0,1.046053725882e+0,1.170002353497e+4,1.165496860338e+4,4.769603403931e+2,5.980240491891e-7,3.804113324840e-1
2.620010879994e-1,1.046297415513e+0,1.046491648376e+0,1.179004895997e+4,1.174464492623e+4,4.775589375271e+2,6.027404017671e-7,3.874417018847e-1
2.640016529994e-1,1.046736481666e+0,1.046931289645e+0,1.188007438497e+4,1.183432125401e+4,4.781603954797e+2,6.075095055478e-7,3.945598168679e-1
2.660002469994e-1,1.047176848497e+0,1.047372227438e+0,1.197001111497e+4,1.192390921818e+4,4.787641422112e+2,6.123275817307e-7,4.017593442512e-1
2.680008119994e-1,1.047619398370e+0,1.047815344988e+0,1.206003653997e+4,1.201358551119e+4,4.793713936952e+2,6.172056877022e-7,4.090553055925e-1
2.700013769994e-1,1.048063711832e+0,1.048260222551e+0,1.215006196497e+4,1.210326177340e+4,4.799815814504e+2,6.221408306387e-7,4.164414773128e-1
2.720019419994e-1,1.048509803060e+0,1.048706874624e+0,1.224008738997e+4,1.219293800218e+4,4.805947313519e+2,6.271348790575e-7,4.239187036096e-1
2.740005359994e-1,1.048957244272e+0,1.049154872821e+0,1.233002411997e+4,1.228252584782e+4,4.812102611262e+2,6.321846954733e-7,4.314803373400e-1
2.760011009994e-1,1.049406932549e+0,1.049605115190e+0,1.242004954497e+4,1.237220201671e+4,4.818294114187e+2,6.373016844946e-7,4.391421595202e-1
2.780016659993e-1,1.049858442259e+0,1.050057175690e+0,1.251007496997e+4,1.246187816257e+4,4.824516036295e+2,6.424823697168e-7,4.468976371499e-1
2.800002599993e-1,1.050311340785e+0,1.050510621453e+0,1.260001169997e+4,1.255146594022e+4,4.830762475359e+2,6.477227990419e-7,4.547398800484e-1
2.820008249993e-1,1.050766536518e+0,1.050966362006e+0,1.269003712497e+4,1.264114205513e+4,4.837046028209e+2,6.530342593003e-7,4.626852578467e-1
2.840013899993e-1,1.051223599026e+0,1.051423966276e+0,1.278006254997e+4,1.273081816049e+4,4.843360830180e+2,6.584126204118e-7,4.707269979244e-1
2.860019549993e-1,1.051682543802e+0,1.051883449824e+0,1.287008797497e+4,1.282049425874e+4,4.849707165276e+2,6.638587726349e-7,4.788660271416e-1
2.880005489993e-1,1.052142931558e+0,1.052344373044e+0,1.296002470497e+4,1.291008200067e+4,4.856079021603e+2,6.693681208263e-7,4.870951207065e-1
2.900011139993e-1,1.052605686218e+0,1.052807660982e+0,1.305005012997e+4,1.299975808732e+4,4.862489258160e+2,6.749524929411e-7,4.954314607758e-1
2.920016789993e-1,1.053070370769e+0,1.053272876062e+0,1.314007555497e+4,1.308943416802e+4,4.868931902271e+2,6.806074616726e-7,5.038679455128e-1
2.940002729993e-1,1.053536540796e+0,1.053739573458e+0,1.323001228497e+4,1.317902189122e+4,4.875400857515e+2,6.863283614589e-7,5.123970916815e-1
2.960008379992e-1,1.054005132245e+0,1.054208690296e+0,1.332003770997e+4,1.326869795703e+4,4.881909186395e+2,6.921276701890e-7,5.210367129701e-1
2.980014029992e-1,1.054475703051e+0,1.054679783993e+0,1.341006313497e+4,1.335837401375e+4,4.888450833108e+2,6.980009426661e-7,5.297794535098e-1
3.000019679992e-1,1.054948270139e+0,1.055152871478e+0,1.350008855997e+4,1.344805006028e+4,4.895026109560e+2,7.039494326732e-7,5.386263328417e-1
3.020005619992e-1,1.055422382093e+0,1.055627500975e+0,1.359002528996e+4,1.353763774473e+4,4.901628803613e+2,7.099684532908e-7,5.475695129223e-1
3.040011269992e-1,1.055898991409e+0,1.056104626096e+0,1.368005071496e+4,1.362731376806e+4,4.908272258734e+2,7.160712903232e-7,5.566276807004e-1
3.060016919992e-1,1.056377649121e+0,1.056583797350e+0,1.377007613996e+4,1.371698977883e+4,4.914950305299e+2,7.222534190404e-7,5.657931316476e-1
3.080002859992e-1,1.056857898426e+0,1.057064557502e+0,1.386001286996e+4,1.380657742565e+4,4.921656641957e+2,7.285100539777e-7,5.750577536062e-1
3.100008509992e-1,1.057340704632e+0,1.057547872973e+0,1.395003829496e+4,1.389625341002e+4,4.928404830328e+2,7.348550312420e-7,5.844409128191e-1
3.120014159992e-1,1.057825613463e+0,1.058033289009e+0,1.404006371996e+4,1.398592938083e+4,4.935188613040e+2,7.412837067957e-7,5.939346354779e-1
3.140000099992e-1,1.058312162610e+0,1.058520342861e+0,1.413000044996e+4,1.407551698710e+4,4.942001597308e+2,7.477911468937e-7,6.035305280976e-1
3.160005749991e-1,1.058801330547e+0,1.059010014094e+0,1.422002587496e+4,1.416519293048e+4,4.948857569595e+2,7.543917488131e-7,6.132486581783e-1
3.180011399991e-1,1.059292657570e+0,1.059501842531e+0,1.431005129996e+4,1.425486886004e+4,4.955750182636e+2,7.610807227687e-7,6.230807756705e-1
3.200017049991e-1,1.059786163024e+0,1.059995847558e+0,1.440007672496e+4,1.434454477578e+4,4.962679795449e+2,7.678596869717e-7,6.330280556427e-1
3.220002989991e-1,1.060281377052e+0,1.060491558933e+0,1.449001345496e+4,1.443413232691e+4,4.969639889733e+2,7.747234829725e-7,6.430817178061e-1
3.240008639991e-1,1.060779296273e+0,1.060989974289e+0,1.458003887996e+4,1.452380821492e+4,4.976644562738e+2,7.816873265721e-7,6.532628007444e-1
3.260014289991e-1,1.061279453554e+0,1.061490626039e+0,1.467006430496e+4,1.461348408900e+4,4.983687343881e+2,7.887462195623e-7,6.635626748396e-1
3.280000229991e-1,1.061781373223e+0,1.061993038123e+0,1.476000103496e+4,1.470307159840e+4,4.990761617941e+2,7.958948294615e-7,6.739722606585e-1
3.300005879991e-1,1.062286065971e+0,1.062498222228e+0,1.485002645996e+4,1.479274744443e+4,4.997881723922e+2,8.031490447348e-7,6.845133534970e-1
3.320011529991e-1,1.062793058940e+0,1.063005705054e+0,1.494005188496e+4,1.488242327630e+4,5.005041096083e+2,8.105037097043e-7,6.951770303774e-1
3.340017179990e-1,1.063302373448e+0,1.063515508015e+0,1.503007730996e+4,1.497209909390e+4,5.012240132122e+2,8.179607086912e-7,7.059645942143e-1
3.360003119990e-1,1.063813525858e+0,1.064027147017e+0,1.512001403996e+4,1.506168654653e+4,5.019472083732e+2,8.255144744139e-7,7.168665541039e-1
3.380008769990e-1,1.064327546273e+0,1.064541653165e+0,1.521003946496e+4,1.515136233525e+4,5.026751624554e+2,8.331818690076e-7,7.279057546296e-1
3.400014419990e-1,1.064843953999e+0,1.065058545376e+0,1.530006488996e+4,1.524103810930e+4,5.034072058261e+2,8.409575221848e-7,7.390728695742e-1
3.420000359990e-1,1.065362259262e+0,1.065577333423e+0,1.539000161996e+4,1.533062551801e+4,5.041426533741e+2,8.488356849358e-7,7.503580896706e-1
3.440006009990e-1,1.065883507237e+0,1.066099063481e+0,1.548002704495e+4,1.542030126230e+4,5.048829985307e+2,8.568340084095e-7,7.617850782760e-1
3.460011659990e-1,1.066407211195e+0,1.066623248423e+0,1.557005246995e+4,1.550997699144e+4,5.056275615833e+2,8.649469562056e-7,7.733441974062e-1
3.480017309990e-1,1.066933394710e+0,1.067149911842e+0,1.566007789495e+4,1.559965270527e+4,5.063763867449e+2,8.731767561886e-7,7.850368968543e-1
3.500003249990e-1,1.067461559587e+0,1.067678555137e+0,1.575001462495e+4,1.568924005314e+4,5.071287747799e+2,8.815174080556e-7,7.968529292460e-1
3.520008899990e-1,1.067992771829e+0,1.068210245309e+0,1.584004004995e+4,1.577891573581e+4,5.078862552549e+2,8.899876970228e-7,8.088170948955e-1
3.540014549989e-1,1.068526536438e+0,1.068744486922e+0,1.593006547495e+4,1.586859140262e+4,5.086481346188e+2,8.985818574824e-7,8.209193271246e-1
3.560000489989e-1,1.069062348729e+0,1.069280774892e+0,1.602000220495e+4,1.595817870296e+4,5.094137027200e+2,9.072936944896e-7,8.331490394359e-1
3.580006139989e-1,1.069601290898e+0,1.069820192389e+0,1.611002762995e+4,1.604785433748e+4,5.101845173159e+2,9.161429093185e-7,8.455319206318e-1
3.600011789989e-1,1.070142861575e+0,1.070362237621e+0,1.620005305495e+4,1.613752995554e+4,5.109598741691e+2,9.251235596607e-7,8.580575724719e-1
3.620017439989e-1,1.070687086923e+0,1.070906936808e+0,1.629007847995e+4,1.622720555695e+4,5.117398226228e+2,9.342382978881e-7,8.707276143376e-1
3.640003379989e-1,1.071233453356e+0,1.071453775935e+0,1.638001520995e+4,1.631679279116e+4,5.125236375208e+2,9.434806607186e-7,8.835309928585e-1
3.660009029989e-1,1.071783065475e+0,1.072003860592e+0,1.647004063495e+4,1.640646835865e+4,5.133129157611e+2,9.528716682511e-7,8.964946325007e-1
3.680014679989e-1,1.072335413174e+0,1.072556680255e+0,1.656006605995e+4,1.649614390885e+4,5.141069384304e+2,9.624051374124e-7,9.096076789711e-1
3.700000619989e-1,1.072889976000e+0,1.073111714048e+0,1.665000278995e+4,1.658573109125e+4,5.149049687709e+2,9.720743976280e-7,9.228587173613e-1
3.720006269988e-1,1.073447875999e+0,1.073670084998e+0,1.674002821495e+4,1.667540660619e+4,5.157086342663e+2,9.819015383498e-7,9.362756393076e-1
3.740011919988e-1,1.074008596334e+0,1.074231275845e+0,1.683005363995e+4,1.676508210314e+4,5.165172046666e+2,9.918801916828e-7,9.498472377010e-1
3.760017569988e-1,1.074572166164e+0,1.074795315804e+0,1.692007906495e+4,1.685475758185e+4,5.173307352698e+2,1.002013537398e-6,9.635753287866e-1
3.780003509988e-1,1.075138055610e+0,1.075361674573e+0,1.701001579495e+4,1.694434469185e+4,5.181484733642e+2,1.012294620968e-6,9.774479997359e-1
3.800009159988e-1,1.075707410897e+0,1.075931499351e+0,1.710004121995e+4,1.703402013329e+4,5.189720889726e+2,1.022747073532e-6,9.914944895458e-1
3.820014809988e-1,1.076279705959e+0,1.076504263657e+0,1.719006664495e+4,1.712369555565e+4,5.198008362714e+2,1.033364275560e-6,1.005703105713e+0
3.840000749988e-1,1.076854403640e+0,1.077079429917e+0,1.728000337495e+4,1.721328260852e+4,5.206339502086e+2,1.044139052018e-6,1.020061549701e+0
3.860006399988e-1,1.077432669029e+0,1.077658164196e+0,1.737002879994e+4,1.730295799185e+4,5.214731341082e+2,1.055096285178e-6,1.034600116956e+0
3.880012049988e-1,1.078013968938e+0,1.078239932883e+0,1.746005422494e+4,1.739263335519e+4,5.223176301140e+2,1.066229161746e-6,1.049306739400e+0
3.900017699987e-1,1.078598336006e+0,1.078824768671e+0,1.755007964994e+4,1.748230869820e+4,5.231675004767e+2,1.077541513790e-6,1.064183463135e+0
3.920003639987e-1,1.079185223090e+0,1.079412123997e+0,1.764001637994e+4,1.757189567049e+4,5.240219631695e+2,1.089025861770e-6,1.079217458267e+0
3.940009289987e-1,1.079775821467e+0,1.080003191108e+0,1.773004180494e+4,1.766157097187e+4,5.248827679202e+2,1.100708899218e-6,1.094440494713e+0
3.960014939987e-1,1.080369588187e+0,1.080597426641e+0,1.782006722994e+4,1.775124625193e+4,5.257491403413e+2,1.112583550801e-6,1.109839987652e+0
3.980000879987e-1,1.080965968397e+0,1.081194275326e+0,1.791000395994e+4,1.784083316034e+4,5.266202852723e+2,1.124642103587e-6,1.125402695493e+0
4.000006529987e-1,1.081566173836e+0,1.081794949873e+0,1.800002938494e+4,1.793050839680e+4,5.274979888401e+2,1.136912734944e-6,1.141161546505e+0
4.020012179987e-1,1.082169654027e+0,1.082398899389e+0,1.809005480994e+4,1.802018361096e+4,5.283814638836e+2,1.149388175947e-6,1.157103556037e+0
4.040017829987e-1,1.082776445676e+0,1.083006160628e+0,1.818008023494e+4,1.810985880251e+4,5.292707808249e+2,1.162073083931e-6,1.173231040291e+0
4.060003769987e-1,1.083385983340e+0,1.083616167728e+0,1.827001696494e+4,1.819944562121e+4,5.301651264334e+2,1.174959437787e-6,1.189530190432e+0
4.080009419987e-1,1.083999507227e+0,1.084230161875e+0,1.836004238994e+4,1.828912076657e+4,5.310663376620e+2,1.188077587131e-6,1.206035554712e+0
4.100015069986e-1,1.084616456531e+0,1.084847581841e+0,1.845006781494e+4,1.837879588831e+4,5.319736098005e+2,1.201420014117e-6,1.222733598401e+0
4.120001009986e-1,1.085236257633e+0,1.085467853595e+0,1.854000454494e+4,1.846838263622e+4,5.328861156355e+2,1.214978468290e-6,1.239610073117e+0
4.140006659986e-1,1.085860173030e+0,1.086092240607e+0,1.863002996994e+4,1.855805770960e+4,5.338057320729e+2,1.228785081006e-6,1.256700802469e+0
4.160012309986e-1,1.086487633952e+0,1.086720173691e+0,1.872005539494e+4,1.864773275815e+4,5.347316408440e+2,1.242832147754e-6,1.273991826181e+0
4.180017959986e-1,1.087118681893e+0,1.087351694389e+0,1.881008081994e+4,1.873740778143e+4,5.356639220377e+2,1.257125387268e-6,1.291485779993e+0
4.200003899986e-1,1.087752732000e+0,1.087986217429e+0,1.890001754994e+4,1.882699442922e+4,5.366017292007e+2,1.271656232702e-6,1.309167809915e+0
4.220009549986e-1,1.088391077847e+0,1.088625037366e+0,1.899004297494e+4,1.891666940054e+4,5.375469951570e+2,1.286459405610e-6,1.327075527210e+0
4.240015199986e-1,1.089033139739e+0,1.089267574089e+0,1.908006839994e+4,1.900634434516e+4,5.384988830165e+2,1.301526950579e-6,1.345194386369e+0
4.260001139986e-1,1.089678324150e+0,1.089913233649e+0,1.917000512994e+4,1.909593091293e+4,5.394565314402e+2,1.316850062375e-6,1.363509064222e+0
4.280006789985e-1,1.090327949042e+0,1.090563334997e+0,1.926003055493e+4,1.918560580275e+4,5.404219173158e+2,1.332465600466e-6,1.382058582749e+0
4.300012439985e-1,1.090981426298e+0,1.091217289596e+0,1.935005597993e+4,1.927528066445e+4,5.413941893740e+2,1.348365440584e-6,1.400827943955e+0
4.320018089985e-1,1.091638803091e+0,1.091875144668e+0,1.944008140493e+4,1.936495549757e+4,5.423734392303e+2,1.364556654859e-6,1.419820164506e+0
4.340004029985e-1,1.092299473979e+0,1.092536294349e+0,1.953001813493e+4,1.945454195208e+4,5.433587850689e+2,1.381030148026e-6,1.439019275005e+0
4.360009679985e-1,1.092964791008e+0,1.093202091680e+0,1.962004355993e+4,1.954421672660e+4,5.443522656071e+2,1.397825943074e-6,1.458466279781e+0
4.380015329985e-1,1.093634154513e+0,1.093871936575e+0,1.971006898493e+4,1.963389147098e+4,5.453530098378e+2,1.414935722733e-6,1.478145558983e+0
4.400001269985e-1,1.094306949850e+0,1.094545213966e+0,1.980000571493e+4,1.972347783521e+4,5.463601201074e+2,1.432350183306e-6,1.498040642771e+0
4.420006919985e-1,1.094984555883e+0,1.095223303719e+0,1.989003113993e+4,1.981315251761e+4,5.473756839846e+2,1.450111957105e-6,1.518194103931e+0
4.440012569985e-1,1.095666364045e+0,1.095905596844e+0,1.998005656493e+4,1.990282716806e+4,5.483988152342e+2,1.468212589753e-6,1.538589842264e+0
4.460018219985e-1,1.096352428298e+0,1.096592147355e+0,2.007008198993e+4,1.999250178596e+4,5.494296193271e+2,1.486660921859e-6,1.559231332247e+0
4.480004159984e-1,1.097042121367e+0,1.097282327551e+0,2.016001871993e+4,2.008208802133e+4,5.504671768383e+2,1.505447382541e-6,1.580101415257e+0
4.500009809984e-1,1.097736859691e+0,1.097977554885e+0,2.025004414493e+4,2.017176257226e+4,5.515136440834e+2,1.524618461785e-6,1.601244874338e+0
4.520015459984e-1,1.098436022514e+0,1.098677208175e+0,2.034006956993e+4,2.026143708875e+4,5.525681139515e+2,1.544165577086e-6,1.622644950047e+0
4.540001399984e-1,1.099138972811e+0,1.099380649965e+0,2.043000629993e+4,2.035102322091e+4,5.536296501942e+2,1.564079000473e-6,1.644283950900e+0
4.560007049984e-1,1.099847156671e+0,1.100089327371e+0,2.052003172493e+4,2.044069766653e+4,5.547004636083e+2,1.584408454016e-6,1.666208413911e+0
4.580012699984e-1,1.100559943951e+0,1.100802609820e+0,2.061005714993e+4,2.053037207563e+4,5.557796310011e+2,1.605145305741e-6,1.688401071227e+0
4.600018349984e-1,1.101277396803e+0,1.101520559521e+0,2.070008257493e+4,2.062004644743e+4,5.568672746541e+2,1.626300744590e-6,1.710865952598e+0
4.620004289984e-1,1.101998864828e+0,1.102242525641e+0,2.079001930493e+4,2.070963243207e+4,5.579624352191e+2,1.647864866917e-6,1.733584634064e+0
4.640009939984e-1,1.102725835787e+0,1.102969996982e+0,2.088004472993e+4,2.079930672694e+4,5.590674004093e+2,1.669892181613e-6,1.756606132141e+0
4.660015589983e-1,1.103457666699e+0,1.103702330131e+0,2.097007015493e+4,2.088898098214e+4,5.601812250307e+2,1.692374050434e-6,1.779912482700e+0
4.680001529983e-1,1.104193696852e+0,1.104438863938e+0,2.106000688493e+4,2.097856684790e+4,5.613029319149e+2,1.715300492879e-6,1.803484696093e+0
4.700007179983e-1,1.104935446997e+0,1.105181120209e+0,2.115003230992e+4,2.106824102132e+4,5.624348699405e+2,1.738730051924e-6,1.827373763096e+0
4.720012829983e-1,1.105682264285e+0,1.105928445659e+0,2.124005773492e+4,2.115791515253e+4,5.635760770085e+2,1.762654173309e-6,1.851561184057e+0
4.740018479983e-1,1.106434220849e+0,1.106680912485e+0,2.133008315992e+4,2.124758924060e+4,5.647266960025e+2,1.787087188512e-6,1.876051669015e+0
4.760004419983e-1,1.107190641854e+0,1.107437845409e+0,2.142001988992e+4,2.133717493578e+4,5.658857253376e+2,1.812019107211e-6,1.900825452449e+0
4.780010069983e-1,1.107953094576e+0,1.108200812795e+0,2.151004531492e+4,2.142684893471e+4,5.670556005619e+2,1.837514505249e-6,1.925936326104e+0
4.800015719983e-1,1.108720912702e+0,1.108969147878e+0,2.160007073992e+4,2.151652288756e+4,5.682353365242e+2,1.863565049355e-6,1.951365059408e+0
4.820001659983e-1,1.109493410528e+0,1.109742164479e+0,2.169000746992e+4,2.160610844465e+4,5.694239128542e+2,1.890160828582e-6,1.977091289319e+0
4.840007309982e-1,1.110272192297e+0,1.110521467970e+0,2.178003289492e+4,2.169578230229e+4,5.706238342901e+2,1.917371531348e-6,2.003171046339e+0
4.860012959982e-1,1.111056581380e+0,1.111306381264e+0,2.187005831992e+4,2.178545611067e+4,5.718340980411e+2,1.945189127834e-6,2.029584540129e+0
4.880018609982e-1,1.111846662208e+0,1.112096988865e+0,2.196008374492e+4,2.187512986865e+4,5.730548725266e+2,1.973632230286e-6,2.056337323571e+0
4.900004549982e-1,1.112641734230e+0,1.112892589777e+0,2.205002047492e+4,2.196471522658e+4,5.742851117294e+2,2.002691198264e-6,2.083408217091e+0
4.920010199982e-1,1.113443454030e+0,1.113694841700e+0,2.214004589992e+4,2.205438888021e+4,5.755274188408e+2,2.032443437362e-6,2.110856440553e+0
4.940015849982e-1,1.114251130958e+0,1.114503053526e+0,2.223007132492e+4,2.214406247977e+4,5.767807671442e+2,2.062881522715e-6,2.138661443790e+0
4.960001789982e-1,1.115064053075e+0,1.115316512863e+0,2.232000805492e+4,2.223364767570e+4,5.780440909784e+2,2.093996173136e-6,2.166801421290e+0
4.980007439982e-1,1.115883918728e+0,1.116136919188e+0,2.241003347992e+4,2.232332116329e+4,5.793200724839e+2,2.125871388868e-6,2.195338153311e+0
5.000013089982e-1,1.116710026577e+0,1.116963570723e+0,2.250005890492e+4,2.241299459279e+4,5.806076667577e+2,2.158500416166e-6,2.224250511768e+0
5.020018739982e-1,1.117542476399e+0,1.117796567314e+0,2.259008432992e+4,2.250266796277e+4,5.819070742725e+2,2.191907809704e-6,2.253545106987e+0
5.040004679981e-1,1.118380540764e+0,1.118635181078e+0,2.268002105992e+4,2.259225292367e+4,5.832172027045e+2,2.226085040022e-6,2.283199283224e+0
5.060010329981e-1,1.119225977429e+0,1.119481170926e+0,2.277004648492e+4,2.268192617013e+4,5.845408470811e+2,2.261126157674e-6,2.313278485761e+0
5.080015979981e-1,1.120078070616e+0,1.120333820631e+0,2.286007190992e+4,2.277159935245e+4,5.858769380467e+2,2.297025658748e-6,2.343760809046e+0
5.100001919981e-1,1.120936081083e+0,1.121192390485e+0,2.295000863991e+4,2.286118412111e+4,5.872243630072e+2,2.333775853185e-6,2.374622950508e+0
5.120007569981e-1,1.121801814219e+0,1.122058687059e+0,2.304003406491e+4,2.295085717018e+4,5.885860079826e+2,2.371479459874e-6,2.405933312686e+0
5.140013219981e-1,1.122674543331e+0,1.122931983206e+0,2.313005948991e+4,2.304053014994e+4,5.899607852371e+2,2.410132260458e-6,2.437669405426e+0
5.160018869981e-1,1.123554387612e+0,1.123812398210e+0,2.322008491491e+4,2.313020305856e+4,5.913489360564e+2,2.449767235787e-6,2.469839184727e+0
5.180004809981e-1,1.124440591866e+0,1.124699176397e+0,2.331002164491e+4,2.321978754654e+4,5.927493206035e+2,2.490378281276e-6,2.502418478204e+0
5.200010459981e-1,1.125335029608e+0,1.125594192518e+0,2.340004706991e+4,2.330946030714e+4,5.941649557458e+2,2.532081484386e-6,2.535479945165e+0
5.220016109980e-1,1.126236959559e+0,1.126496704810e+0,2.349007249491e+4,2.339913299063e+4,5.955947293987e+2,2.574874959817e-6,2.569000320892e+0
5.240002049980e-1,1.127145614471e+0,1.127405945565e+0,2.358000922491e+4,2.348871724750e+4,5.970374812760e+2,2.618754256103e-6,2.602954779825e+0
5.260007699980e-1,1.128062922799e+0,1.128323844484e+0,2.367003464991e+4,2.357838977032e+4,5.984963343574e+2,2.663847110346e-6,2.637419436589e+0
5.280013349980e-1,1.128988132390e+0,1.129249648945e+0,2.376006007491e+4,2.366806220935e+4,5.999701586129e+2,2.710153976056e-6,2.672370455657e+0
5.300018999980e-1,1.129921387403e+0,1.130183503220e+0,2.385008549991e+4,2.375773456216e+4,6.014592481455e+2,2.757720070562e-6,2.707817533371e+0
5.320004939980e-1,1.130861904517e+0,1.131124623495e+0,2.394002222991e+4,2.384731847924e+4,6.029624156566e+2,2.806543972915e-6,2.743734981170e+0
5.340010589980e-1,1.131811691264e+0,1.132075018608e+0,2.403004765491e+4,2.393699065207e+4,6.044829377383e+2,2.856771627783e-6,2.780203920174e+0
5.360016239980e-1,1.132769981238e+0,1.133033921671e+0,2.412007307991e+4,2.402666273085e+4,6.060196612272e+2,2.908407659238e-6,2.817199779419e+0
5.380002179980e-1,1.133735979173e+0,1.134000536932e+0,2.421000980991e+4,2.411624636601e+4,6.075713790145e+2,2.961453723709e-6,2.854696237458e+0
5.400007829980e-1,1.134711756815e+0,1.134976937473e+0,2.430003523491e+4,2.420591824814e+4,6.091414931675e+2,3.016071854097e-6,2.892778508246e+0
5.420013479979e-1,1.135696537402e+0,1.135962346052e+0,2.439006065991e+4,2.429559002733e+4,6.107288341103e+2,3.072270829932e-6,2.931421499623e+0
5.440019129979e-1,1.136690497793e+0,1.136956939656e+0,2.448008608491e+4,2.438526170036e+4,6.123337655864e+2,3.130114108714e-6,2.970637200891e+0
5.460005069979e-1,1.137692827163e+0,1.137959906961e+0,2.457002281491e+4,2.447484491755e+4,6.139550551698e+2,3.189608901240e-6,3.010398482121e+0
5.480010719979e-1,1.138705690388e+0,1.138973414239e+0,2.466004823991e+4,2.456451636813e+4,6.155962880276e+2,3.250942748310e-6,3.050796534326e+0
5.500016369979e-1,1.139728297628e+0,1.139996671163e+0,2.475007366491e+4,2.465418770201e+4,6.172562746055e+2,3.314131809118e-6,3.091805632287e+0
5.520002309979e-1,1.140759826862e+0,1.141028855205e+0,2.484001039490e+4,2.474377056937e+4,6.189337647729e+2,3.379188896346e-6,3.133398081254e+0
5.540007959979e-1,1.141802519223e+0,1.142072208939e+0,2.493003581990e+4,2.483344165825e+4,6.206324945601e+2,3.446324445933e-6,3.175670000424e+0
5.560013609979e-1,1.142855575871e+0,1.143125933038e+0,2.502006124490e+4,2.492311261835e+4,6.223512614542e+2,3.515561970873e-6,3.218595255634e+0
5.580019259979e-1,1.143919217424e+0,1.144190248275e+0,2.511008666990e+4,2.501278344527e+4,6.240905230310e+2,3.586993006448e-6,3.262188923088e+0
5.600005199978e-1,1.144992607955e+0,1.145264318213e+0,2.520002339990e+4,2.510236578893e+4,6.258490081615e+2,3.660640456316e-6,3.306422639573e+0
5.620010849978e-1,1.146078100228e+0,1.146350497124e+0,2.529004882490e+4,2.519203633551e+4,6.276306751669e+2,3.736751712232e-6,3.351399790357e+0
5.640016499978e-1,1.147174884993e+0,1.147447975264e+0,2.538007424990e+4,2.528170673434e+4,6.294343081156e+2,3.815363412107e-6,3.397093821613e+0
5.660002439978e-1,1.148282117021e+0,1.148555906890e+0,2.547001097990e+4,2.537128863507e+4,6.312586229135e+2,3.896508661790e-6,3.443475959230e+0
5.680008089978e-1,1.149402241420e+0,1.149676738672e+0,2.556003640490e+4,2.546095872223e+4,6.331077629853e+2,3.980468658735e-6,3.490655642328e+0
5.700013739978e-1,1.150534442786e+0,1.150809654714e+0,2.565006182990e+4,2.555062864476e+4,6.349805062905e+2,4.067293222114e-6,3.538606131129e+0
5.720019389978e-1,1.151679001787e+0,1.151954935879e+0,2.574008725490e+4,2.564029839643e+4,6.368774400930e+2,4.157118725248e-6,3.587346764292e+0
5.740005329978e-1,1.152835063015e+0,1.153111726243e+0,2.583002398490e+4,2.572987962636e+4,6.387972683598e+2,4.249996773410e-6,3.636848393775e+0
5.760010979978e-1,1.154005208322e+0,1.154282609304e+0,2.592004940990e+4,2.581954901647e+4,6.407444105376e+2,4.346264299777e-6,3.687229490340e+0
5.780016629977e-1,1.155188617230e+0,1.155466764091e+0,2.601007483490e+4,2.590921821497e+4,6.427176438118e+2,4.445994924228e-6,3.738463306352e+0
5.800002569977e-1,1.156384429029e+0,1.156663329372e+0,2.610001156490e+4,2.599879887041e+4,6.447156687281e+2,4.549259146218e-6,3.790520593357e+0
5.820008219977e-1,1.157595340134e+0,1.157875003283e+0,2.619003698990e+4,2.608846766234e+4,6.467431376212e+2,4.656446064508e-6,3.843527445317e+0
5.840013869977e-1,1.158820529458e+0,1.159100964245e+0,2.628006241490e+4,2.617813623823e+4,6.487988345668e+2,4.767653545077e-6,3.897457352089e+0
5.860019519977e-1,1.160060362596e+0,1.160341578105e+0,2.637008783990e+4,2.626780458895e+4,6.508835315995e+2,4.883092801388e-6,3.952335718736e+0
5.880005459977e-1,1.161313976223e+0,1.161595981020e+0,2.646002456990e+4,2.635738436200e+4,6.529959351469e+2,5.002869094781e-6,4.008133502885e+0
5.900011109977e-1,1.162584238890e+0,1.162867043370e+0,2.655004999490e+4,2.644705223309e+4,6.551410500761e+2,5.127459793097e-6,4.064988341393e+0
5.920016759977e-1,1.163870334688e+0,1.164153948759e+0,2.664007541990e+4,2.653671984827e+4,6.573176835338e+2,5.257007344540e-6,4.122874493115e+0
5.940002699977e-1,1.165171402941e+0,1.165455835993e+0,2.673001214989e+4,2.662629885391e+4,6.595245570892e+2,5.391653141552e-6,4.181763419570e+0
5.960008349977e-1,1.166490458767e+0,1.166775722118e+0,2.682003757489e+4,2.671596592216e+4,6.617669780498e+2,5.531959523077e-6,4.241802662262e+0
5.980013999976e-1,1.167826696256e+0,1.168112800740e+0,2.691006299989e+4,2.680563269760e+4,6.640437849863e+2,5.678115320291e-6,4.302967516799e+0
6.000019649976e-1,1.169180605578e+0,1.169467562368e+0,2.700008842489e+4,2.689529916626e+4,6.663560230641e+2,5.830463547198e-6,4.365292345009e+0
6.020005589976e-1,1.170551338349e+0,1.170839158110e+0,2.709002515489e+4,2.698487697241e+4,6.687024543321e+2,5.989213572177e-6,4.428749940923e+0
6.040011239976e-1,1.171942134096e+0,1.172230829565e+0,2.718005057989e+4,2.707454278221e+4,6.710888528292e+2,6.155076238471e-6,4.493503132232e+0
6.060016889976e-1,1.173352211756e+0,1.173641795206e+0,2.727007600489e+4,2.716420823744e+4,6.735141255420e+2,6.328327897000e-6,4.559529460656e+0
6.080002829976e-1,1.174780741268e+0,1.175071224480e+0,2.736001273489e+4,2.725378498008e+4,6.759770858912e+2,6.509250404816e-6,4.626803403668e+0
6.100008479976e-1,1.176231157315e+0,1.176522554281e+0,2.745003815989e+4,2.734344967056e+4,6.784839170742e+2,6.698702685746e-6,4.695501189105e+0
6.120014129976e-1,1.177702709377e+0,1.177995033616e+0,2.754006358489e+4,2.743311394771e+4,6.810336047544e+2,6.897054844765e-6,4.765602934434e+0
6.140000069976e-1,1.179194596576e+0,1.179487861156e+0,2.763000031489e+4,2.752268945037e+4,6.836250387322e+2,7.104688337150e-6,4.837085614620e+0
6.160005719975e-1,1.180710477628e+0,1.181004697948e+0,2.772002573989e+4,2.761235283176e+4,6.862648752682e+2,7.322654735071e-6,4.910140948518e+0
6.180011369975e-1,1.182249646730e+0,1.182544837795e+0,2.781005116489e+4,2.770201572661e+4,6.889522112468e+2,7.551453679837e-6,4.984752688919e+0
6.200017019975e-1,1.183812899242e+0,1.184109076578e+0,2.790007658989e+4,2.779167810655e+4,6.916887677731e+2,7.791848241153e-6,5.060977325981e+0
6.220002959975e-1,1.185399497097e+0,1.185696675819e+0,2.799001331989e+4,2.788125160432e+4,6.944735914529e+2,8.044416631725e-6,5.138796953442e+0
6.240008609975e-1,1.187013455331e+0,1.187311653120e+0,2.808003874489e+4,2.797091286019e+4,6.973140974792e+2,8.310568763129e-6,5.218428135290e+0
6.260014259975e-1,1.188654158986e+0,1.188953393155e+0,2.817006416989e+4,2.806057350087e+4,7.002096026987e+2,8.591062441140e-6,5.299861803972e+0
6.280000199975e-1,1.190320942675e+0,1.190621785140e+0,2.826000089989e+4,2.815014515233e+4,7.031593301472e+2,8.886697588320e-6,5.383085806123e+0
6.300005849975e-1,1.192018145074e+0,1.192320747542e+0,2.835002632489e+4,2.823980444152e+4,7.061713903376e+2,9.199266832352e-6,5.468339459061e+0
6.320011499975e-1,1.193745252892e+0,1.194049656562e+0,2.844005174989e+4,2.832946298612e+4,7.092453421260e+2,9.529822064114e-6,5.555621586332e+0
6.340017149975e-1,1.195503453074e+0,1.195809700841e+0,2.853007717489e+4,2.841912073464e+4,7.123837826362e+2,9.879840398479e-6,5.645017304582e+0
6.360003089974e-1,1.197292228654e+0,1.197600363338e+0,2.862001390488e+4,2.850868929904e+4,7.155862886497e+2,1.025058266446e-5,5.736525984824e+0
6.380008739974e-1,1.199116453646e+0,1.199426523698e+0,2.871003932988e+4,2.859834528097e+4,7.188621313310e+2,1.064459816293e-5,5.830424903188e+0
6.400014389974e-1,1.200975818362e+0,1.201287876866e+0,2.880006475488e+4,2.868800027936e+4,7.222113486803e+2,1.106355914067e-5,5.926728492622e+0
6.420000329974e-1,1.202869974515e+0,1.203184079400e+0,2.889000148488e+4,2.877756588973e+4,7.256339149061e+2,1.150927666567e-5,6.025449062050e+0
6.440005979974e-1,1.204804304971e+0,1.205120514790e+0,2.898002690988e+4,2.886721868579e+4,7.291402144323e+2,1.198516529542e-5,6.126900270754e+0
6.460011629974e-1,1.206778729292e+0,1.207097103315e+0,2.907005233488e+4,2.895687024409e+4,7.327308209249e+2,1.249365092821e-5,6.231113988968e+0
6.480017279974e-1,1.208795150426e+0,1.209115750832e+0,2.916007775988e+4,2.904652045973e+4,7.364099478786e+2,1.303794875762e-5,6.338228060644e+0
6.500003219974e-1,1.210853566986e+0,1.211176456801e+0,2.925001448988e+4,2.913608089206e+4,7.401783808511e+2,1.362110033191e-5,6.448281188874e+0
6.520008869974e-1,1.212960252549e+0,1.213285502682e+0,2.934003991488e+4,2.922572805683e+4,7.440484713967e+2,1.424838205294e-5,6.561651264712e+0
6.540014519973e-1,1.215115597715e+0,1.215443280497e+0,2.943006533988e+4,2.931537348021e+4,7.480218891315e+2,1.492394521075e-5,6.678405807055e+0
6.560000459973e-1,1.217320005748e+0,1.217650194953e+0,2.952000206988e+4,2.940492867538e+4,7.521003621160e+2,1.565242872433e-5,6.798614159096e+0
6.580006109973e-1,1.219580655374e+0,1.219913434005e+0,2.961002749488e+4,2.949457008747e+4,7.562982594810e+2,1.644145385618e-5,6.922720024113e+0
6.600011759973e-1,1.221898490125e+0,1.222233943426e+0,2.970005291988e+4,2.958420917661e+4,7.606185347737e+2,1.729747565079e-5,7.050832653226e+0
6.620017409973e-1,1.224276894486e+0,1.224615112800e+0,2.979007834488e+4,2.967384568974e+4,7.650687784909e+2,1.822878601580e-5,7.183199834822e+0
6.640003349973e-1,1.226717145822e+0,1.227058222221e+0,2.988001507488e+4,2.976339102689e+4,7.696527509131e+2,1.924401082141e-5,7.319956929589e+0
6.660008999973e-1,1.229228149910e+0,1.229572189245e+0,2.997004049988e+4,2.985302146646e+4,7.743887077128e+2,2.035648955667e-5,7.461674264348e+0
6.680014649973e-1,1.231812063303e+0,1.232159174441e+0,3.006006592488e+4,2.994264830038e+4,7.792824186829e+2,2.157865639663e-5,7.608552553259e+0
6.700000589973e-1,1.234471255723e+0,1.234821551855e+0,3.015000265488e+4,3.003218276439e+4,7.843401836812e+2,2.292502805421e-5,7.760809594022e+0
6.720006239972e-1,1.237216581395e+0,1.237570190355e+0,3.024002807988e+4,3.012180090018e+4,7.895846834883e+2,2.441728628815e-5,7.919159696442e+0
6.740011889972e-1,1.240051749773e+0,1.240408805675e+0,3.033005350488e+4,3.021141374338e+4,7.950252976852e+2,2.607713376659e-5,8.083920711705e+0
6.760017539972e-1,1.242983851835e+0,1.243344499320e+0,3.042007892988e+4,3.030102049296e+4,8.006781541910e+2,2.793250874889e-5,8.255617766114e+0
6.780003479972e-1,1.246017877468e+0,1.246382269304e+0,3.051001565987e+4,3.039053190157e+4,8.065556542257e+2,3.001553782776e-5,8.434666539674e+0
6.800009129972e-1,1.249168969058e+0,1.249537278934e+0,3.060004108487e+4,3.048012332036e+4,8.126903098085e+2,3.237285473105e-5,8.622100752585e+0
6.820014779972e-1,1.252444714344e+0,1.252817127853e+0,3.069006650987e+4,3.056970497445e+4,8.191005402678e+2,3.505592910690e-5,8.818531310672e+0
6.840000719972e-1,1.255853864823e+0,1.256230581135e+0,3.078000323987e+4,3.065918673640e+4,8.258075306895e+2,3.812938461633e-5,9.024658516815e+0
6.860006369972e-1,1.259417361041e+0,1.259798608678e+0,3.087002866487e+4,3.074874268372e+4,8.328572044741e+2,4.168670159980e-5,9.241951164150e+0
6.880012019972e-1,1.263148687675e+0,1.263534715596e+0,3.096005408987e+4,3.083828141732e+4,8.402817771101e+2,4.583964813190e-5,9.471466964590e+0
6.900017669972e-1,1.267067851300e+0,1.267458937708e+0,3.105007951487e+4,3.092779876256e+4,8.481274808785e+2,5.074108352495e-5,9.714706551084e+0
6.920003609971e-1,1.271194832364e+0,1.271591285255e+0,3.114001624487e+4,3.101720090911e+4,8.564418398648e+2,5.659286155010e-5,9.973222762220e+0
6.940009259971e-1,1.275567362118e+0,1.275969543170e+0,3.123004166987e+4,3.110665633992e+4,8.653099845870e+2,6.369663830447e-5,1.024975418349e+1
6.960014909971e-1,1.280218405262e+0,1.280626724710e+0,3.132006709487e+4,3.119606563934e+4,8.748099609615e+2,7.246358476885e-5,1.054684106568e+1
6.980000849971e-1,1.285189868406e+0,1.285604797936e+0,3.141000382487e+4,3.128532421150e+4,8.850410186359e+2,8.349879146081e-5,1.086770867791e+1
7.000006499971e-1,1.290552758304e+0,1.290974871426e+0,3.150002924987e+4,3.137458258336e+4,8.961667154803e+2,9.777509059578e-5,1.121763174868e+1
7.020012149971e-1,1.296384569046e+0,1.296814552252e+0,3.159005467487e+4,3.146371147244e+4,9.083706187004e+2,1.168223774310e-4,1.160256011738e+1
7.040017799971e-1,1.302799790262e+0,1.303238496159e+0,3.168008009987e+4,3.155264036070e+4,9.219228083815e+2,1.432831885681e-4,1.203122808189e+1
7.060003739971e-1,1.309957802170e+0,1.310406315604e+0,3.177001682987e+4,3.164115256565e+4,9.372024976700e+2,1.819989447543e-4,1.251590159712e+1
7.080009389971e-1,1.318130503480e+0,1.318590304737e+0,3.186004225487e+4,3.172916224479e+4,9.548535140273e+2,2.429966398673e-4,1.307736174405e+1
7.100015039970e-1,1.327742503797e+0,1.328215697802e+0,3.195006767987e+4,3.181599386399e+4,9.758950026423e+2,3.493399022113e-4,1.374852306555e+1
7.120000979970e-1,1.339582693334e+0,1.340072560366e+0,3.204000440987e+4,3.190002452034e+4,1.002236243249e+3,5.648346584978e-4,1.459100565277e+1
7.140006629970e-1,1.355405540840e+0,1.355918033081e+0,3.213002983487e+4,3.197647797514e+4,1.038171947695e+3,1.120855986052e-3,1.574329161292e+1
7.160012279970e-1,1.379865453038e+0,1.380413948821e+0,3.222005525987e+4,3.202424204098e+4,1.095397497384e+3,3.272206970721e-3,1.758200239197e+1
7.180017929970e-1,1.430703789458e+0,1.431332786943e+0,3.231008068487e+4,3.190736227677e+4,1.220986049796e+3,2.086500177131e-2,2.161465932765e+1
7.200003869970e-1,1.632386396435e+0,1.633417651362e+0,3.240001741486e+4,2.998323437527e+4,1.813553702575e+3,6.935584382200e-1,4.006965971315e+1
7.216796789970e-1,3.687753197710e+0,3.698027864209e+0,3.247558555486e+4,1.400712782484e+4,2.090966449537e+4,2.577631350703e+2,3.926270066782e+2
