# Snap-through, slower ramp (800 ms to 36 kPa)
t_s,lambda_eq,lambda_max,p_Pa,p_closed_Pa,V_mL,kinetic_J,internal_J
0.000000000000e+0,1.000000000000e+0,1.000000007451e+0,0.000000000000e+0,0.000000000000e+0,4.169284389479e+2,0.000000000000e+0,8.464590615018e-17
2.027108195206e-3,1.000259393063e+0,1.000305679849e+0,9.121986878428e+1,8.033160077900e+1,4.172529681488e+2,2.964016060186e-7,1.308250728989e-5
4.023062763684e-3,1.000586353177e+0,1.000639265901e+0,1.810378243658e+2,1.813212919860e+2,4.176622710091e+2,9.072063865316e-7,6.680338738147e-5
6.019559238234e-3,1.000902224060e+0,1.000973810985e+0,2.708801657205e+2,2.786040135837e+2,4.180579460101e+2,2.435380162729e-7,1.580932926596e-4
8.016598276820e-3,1.001162418272e+0,1.001257824103e+0,3.607469224569e+2,3.585318585547e+2,4.183840653913e+2,2.213106712744e-8,2.623252252135e-4
1.001417194985e-2,1.001432822660e+0,1.001543131017e+0,4.506377377433e+2,4.413980761025e+2,4.187231615575e+2,2.812169443799e-7,3.984059477737e-4
1.201229902598e-2,1.001751924828e+0,1.001869256351e+0,5.405534561692e+2,5.389288912600e+2,4.191235620017e+2,7.012548842622e-7,5.953347624825e-4
1.401099514111e-2,1.002065555591e+0,1.002188900982e+0,6.304947813499e+2,6.345149716567e+2,4.195173457270e+2,2.797072794742e-7,8.271703675923e-4
1.601025255670e-2,1.002339411708e+0,1.002469315441e+0,7.204613650514e+2,7.177585574549e+2,4.198613914577e+2,6.585092499239e-8,1.060596696378e-3
1.801006699857e-2,1.002617177424e+0,1.002752331211e+0,8.104530149357e+2,8.019813177650e+2,4.202105409166e+2,2.522810954956e-7,1.326829595921e-3
2.001045197629e-2,1.002930240263e+0,1.003069326164e+0,9.004703389330e+2,8.966548019845e+2,4.206042905613e+2,5.677488360395e-7,1.662424321634e-3
2.201141883160e-2,1.003244295977e+0,1.003387059114e+0,9.905138474222e+2,9.913610681613e+2,4.209995360424e+2,3.229043507094e-7,2.036859734078e-3
2.401296346216e-2,1.003530250467e+0,1.003677004567e+0,1.080583355797e+3,1.077360801089e+3,4.213596308622e+2,1.160305293201e-7,2.410651371595e-3
2.601508112228e-2,1.003814106151e+0,1.003964010306e+0,1.170678650503e+3,1.162510872198e+3,4.217172857338e+2,2.259313180569e-7,2.812631730232e-3
2.801778006009e-2,1.004122917890e+0,1.004273201899e+0,1.260800102704e+3,1.254900647317e+3,4.221066147414e+2,4.702469614418e-7,3.284904390790e-3
3.002107067919e-2,1.004438039941e+0,1.004587388061e+0,1.350948180563e+3,1.348914228277e+3,4.225041463019e+2,3.607514484134e-7,3.804318810465e-3
3.202495198421e-2,1.004734524048e+0,1.004885859005e+0,1.441122839289e+3,1.437124474213e+3,4.228783936073e+2,1.713475237556e-7,4.327536535406e-3
3.402941918094e-2,1.005024600868e+0,1.005180139521e+0,1.531323863142e+3,1.523201139661e+3,4.232447669193e+2,2.122888626202e-7,4.871794206602e-3
3.600264599696e-2,1.005325284974e+0,1.005481539299e+0,1.620119069863e+3,1.612188751945e+3,4.236247607604e+2,3.820890301991e-7,5.469674665707e-3
3.800829328427e-2,1.005641258068e+0,1.005795807279e+0,1.710373197792e+3,1.705442302410e+3,4.240243212899e+2,3.948405534520e-7,6.134889427459e-3
4.001454182044e-2,1.005947949903e+0,1.006104910287e+0,1.800654381920e+3,1.795703688399e+3,4.244123855027e+2,2.393030408302e-7,6.816707415378e-3
4.202138829866e-2,1.006245097716e+0,1.006403188352e+0,1.890962473440e+3,1.882919183554e+3,4.247885992086e+2,2.080596459608e-7,7.511216372200e-3
4.402883511362e-2,1.006549687370e+0,1.006705585766e+0,1.981297580113e+3,1.972077481881e+3,4.251744655795e+2,3.240334669683e-7,8.257703692161e-3
4.600500947065e-2,1.006859749837e+0,1.007018143352e+0,2.070225426179e+3,2.062587404329e+3,4.255675050670e+2,3.908029237516e-7,9.053511890938e-3
4.801366216081e-2,1.007173886485e+0,1.007331467449e+0,2.160614797237e+3,2.154029759754e+3,4.259659559841e+2,3.050609011886e-7,9.896665784949e-3
5.002292477870e-2,1.007479539670e+0,1.007637435248e+0,2.251031615041e+3,2.242755205575e+3,4.263538851252e+2,2.318451827555e-7,1.075263456437e-2
5.200088917231e-2,1.007780806900e+0,1.007938555129e+0,2.340040012754e+3,2.329969326847e+3,4.267364781076e+2,2.712605033639e-7,1.163061473451e-2
5.401136493856e-2,1.008094900361e+0,1.008252446870e+0,2.430511422235e+3,2.420645476290e+3,4.271356033394e+2,3.579711834947e-7,1.258217090377e-2
5.602245809946e-2,1.008413333149e+0,1.008570801661e+0,2.521010614476e+3,2.512313481301e+3,4.275404966168e+2,3.484669978147e-7,1.358453591232e-2
5.800223422892e-2,1.008722617639e+0,1.008880029836e+0,2.610100540302e+3,2.601097214515e+3,4.279340025338e+2,2.809487971175e-7,1.459435052225e-2
6.001455669150e-2,1.009033343743e+0,1.009189973548e+0,2.700655051118e+3,2.690046686352e+3,4.283295857018e+2,2.631440609342e-7,1.564478534757e-2
6.202750072422e-2,1.009347722942e+0,1.009504835374e+0,2.791237532590e+3,2.779789552754e+3,4.287300676245e+2,3.189073979276e-7,1.674414794669e-2
6.400910362949e-2,1.009662605161e+0,1.009818379059e+0,2.880409663327e+3,2.869422303094e+3,4.291314404856e+2,3.569732428755e-7,1.788209324782e-2
6.602329103372e-2,1.009983475933e+0,1.010139432300e+0,2.971048096517e+3,2.960499279605e+3,4.295407044329e+2,3.265680302466e-7,1.907953275674e-2
6.800612188632e-2,1.010296266347e+0,1.010452067433e+0,3.060275484885e+3,3.049030381566e+3,4.299399124359e+2,2.865280514040e-7,2.028353844032e-2
7.002155936677e-2,1.010613419899e+0,1.010767918656e+0,3.150970171504e+3,3.138542808272e+3,4.303449414898e+2,2.932728520152e-7,2.154129610434e-2
7.200562375946e-2,1.010929217591e+0,1.011083703548e+0,3.240253069176e+3,3.227419567304e+3,4.307484916737e+2,3.330128338768e-7,2.283059463345e-2
7.402232039629e-2,1.011253732396e+0,1.011407994898e+0,3.331004417833e+3,3.318487398668e+3,4.311634439876e+2,3.507893136951e-7,2.419380064363e-2
7.600762950431e-2,1.011573036767e+0,1.011726370927e+0,3.420343327694e+3,3.407834357593e+3,4.315719938183e+2,3.264601394201e-7,2.557296927270e-2
7.802559475725e-2,1.011895928718e+0,1.012048455357e+0,3.511151764076e+3,3.497925023690e+3,4.319853963214e+2,3.019141604623e-7,2.700575285858e-2
8.001215530890e-2,1.012214326484e+0,1.012366455895e+0,3.600546988901e+3,3.586506329420e+3,4.323933032931e+2,3.125496193882e-7,2.845607106980e-2
8.203139633697e-2,1.012540776716e+0,1.012692606380e+0,3.691412835164e+3,3.677065340439e+3,4.328117929930e+2,3.421856455226e-7,2.998164587091e-2
8.401921770729e-2,1.012864436191e+0,1.013015638372e+0,3.780864796828e+3,3.766588505217e+3,4.332269715919e+2,3.502286581804e-7,3.153267768055e-2
8.600766797842e-2,1.013188389992e+0,1.013338778508e+0,3.870345059029e+3,3.855932943835e+3,4.336427935285e+2,3.342020369559e-7,3.312344517053e-2
8.802883602108e-2,1.013516969733e+0,1.013666586536e+0,3.961297620949e+3,3.946288120413e+3,4.340648249637e+2,3.188769493259e-7,3.477603405802e-2
9.001855959091e-2,1.013841161699e+0,1.013990017177e+0,4.050835181591e+3,4.035175868560e+3,4.344814889665e+2,3.266190480680e-7,3.644509129064e-2
9.200891793522e-2,1.014167515243e+0,1.014315701305e+0,4.140401307085e+3,4.124395370086e+3,4.349012003403e+2,3.455156830366e-7,3.816387707092e-2
9.403203166863e-2,1.014501264376e+0,1.014649326185e+0,4.231441425088e+3,4.215366761919e+3,4.353307023739e+2,3.541017810004e-7,3.996160354405e-2
9.602367730177e-2,1.014830349183e+0,1.014979107459e+0,4.321065478580e+3,4.304800314228e+3,4.357544786696e+2,3.451313763359e-7,4.177373753733e-2
9.801596450911e-2,1.015159524931e+0,1.015309086527e+0,4.410718402910e+3,4.393994678345e+3,4.361786471191e+2,3.352972670200e-7,4.362557917179e-2
1.000088952239e-1,1.015489417176e+0,1.015639684058e+0,4.500400285074e+3,4.483119177705e+3,4.366040149003e+2,3.379205791641e-7,4.552072921083e-2
1.020024717320e-1,1.015820958932e+0,1.015971911615e+0,4.590111227938e+3,4.572423831019e+3,4.370317881214e+2,3.504457611565e-7,4.746490765920e-2
1.040288666779e-1,1.016159762595e+0,1.016311444719e+0,4.681299000506e+3,4.663410445055e+3,4.374692196177e+2,3.601690366925e-7,4.949256749248e-2
1.060237524747e-1,1.016494275992e+0,1.016646587047e+0,4.771068861360e+3,4.752973876744e+3,4.379013981963e+2,3.578275044605e-7,5.153504370516e-2
1.080192910121e-1,1.016829322088e+0,1.016982271087e+0,4.860868095546e+3,4.842410821884e+3,4.383345502229e+2,3.511829614660e-7,5.362103772694e-2
1.100154843455e-1,1.017165059820e+0,1.017318623134e+0,4.950696795547e+3,4.931763052601e+3,4.387688828327e+2,3.502974044054e-7,5.575169460388e-2
1.120123347237e-1,1.017502078361e+0,1.017656196120e+0,5.040555062565e+3,5.021185819290e+3,4.392051608428e+2,3.574405975972e-7,5.793104369414e-2
1.140098445087e-1,1.017840710017e+0,1.017995416527e+0,5.130443002893e+3,5.110764638860e+3,4.396438182491e+2,3.662110142130e-7,6.016169095428e-2
1.160080161077e-1,1.018180737872e+0,1.018335974711e+0,5.220360724845e+3,5.200439339992e+3,4.400845780520e+2,3.694927336530e-7,6.244268620790e-2
1.180068518321e-1,1.018521722428e+0,1.018677538311e+0,5.310308332445e+3,5.290092020352e+3,4.405268737069e+2,3.670217848172e-7,6.477144123161e-2
1.200063538951e-1,1.018863497540e+0,1.019019809714e+0,5.400285925279e+3,5.379677737254e+3,4.409704920782e+2,3.645173403011e-7,6.714707132161e-2
1.220065245573e-1,1.019206297208e+0,1.019363147583e+0,5.490293605080e+3,5.469256491219e+3,4.414157393682e+2,3.667545474395e-7,6.957146528509e-2
1.240073661533e-1,1.019550460175e+0,1.019707802520e+0,5.580331476899e+3,5.558914779352e+3,4.418630587861e+2,3.730394661697e-7,7.204738558073e-2
1.260088811182e-1,1.019896083940e+0,1.020053887802e+0,5.670399650317e+3,5.648675458580e+3,4.423125808756e+2,3.788259285285e-7,7.457598042288e-2
1.280110718637e-1,1.020242979686e+0,1.020401225679e+0,5.760498233866e+3,5.738487063468e+3,4.427640637742e+2,3.807922828791e-7,7.715629900950e-2
1.300139407742e-1,1.020590913455e+0,1.020749635646e+0,5.850627334840e+3,5.828287109826e+3,4.432172061585e+2,3.799024347834e-7,7.978695447290e-2
1.320174901786e-1,1.020939846474e+0,1.021098998302e+0,5.940787058037e+3,5.918064012769e+3,4.436719603493e+2,3.797267527216e-7,8.246795702496e-2
1.340217224520e-1,1.021289944719e+0,1.021449504622e+0,6.030977510338e+3,6.007858750930e+3,4.441285456607e+2,3.825661184732e-7,8.520090876954e-2
1.360266400268e-1,1.021641394940e+0,1.021801355607e+0,6.121198801204e+3,6.097717075755e+3,4.445872091279e+2,3.875549681868e-7,8.798765949549e-2
1.380322454013e-1,1.021994235781e+0,1.022154617746e+0,6.211451043059e+3,6.187646453774e+3,4.450480049870e+2,3.920052793143e-7,9.082894956816e-2
1.400061759566e-1,1.022342623701e+0,1.022503360559e+0,6.300277918047e+3,6.276162105907e+3,4.455032977978e+2,3.942744261171e-7,9.367708704500e-2
1.420131531582e-1,1.022697893486e+0,1.022859023592e+0,6.390591892121e+3,6.366141864961e+3,4.459679038840e+2,3.949238837468e-7,9.662511106197e-2
1.440208255279e-1,1.023054298165e+0,1.023215784750e+0,6.480937148754e+3,6.456121439949e+3,4.464343185901e+2,3.957249124147e-7,9.962674174402e-2
1.460291955373e-1,1.023411922239e+0,1.023573748969e+0,6.571313799180e+3,6.546120241835e+3,4.469026558320e+2,3.981813292103e-7,1.026830537232e-1
1.480058557919e-1,1.023765081030e+0,1.023927255061e+0,6.660263510637e+3,6.634712505850e+3,4.473654667524e+2,4.018921576239e-7,1.057447884035e-1
1.500156173438e-1,1.024125387827e+0,1.024287880051e+0,6.750702780472e+3,6.724809199641e+3,4.478379742363e+2,4.059808101686e-7,1.089130510219e-1
1.520260841558e-1,1.024487043313e+0,1.024649869831e+0,6.841173787013e+3,6.814950862034e+3,4.483125848570e+2,4.090367584301e-7,1.121383530471e-1
1.540048148757e-1,1.024844110482e+0,1.025007239899e+0,6.930216669408e+3,6.903662555359e+3,4.487815029514e+2,4.109642059268e-7,1.153670664859e-1
1.560166884583e-1,1.025208276148e+0,1.025371702762e+0,7.020750980622e+3,6.993845736502e+3,4.492600798204e+2,4.124570928875e-7,1.187052589497e-1
1.580292750059e-1,1.025573710370e+0,1.025737439515e+0,7.111317375264e+3,7.084047515984e+3,4.497406656824e+2,4.145441063537e-7,1.221009780198e-1
1.600100988250e-1,1.025934555498e+0,1.026098557156e+0,7.200454447123e+3,7.172826989826e+3,4.502155525674e+2,4.175187513680e-7,1.254990916506e-1
1.620241075755e-1,1.026302681515e+0,1.026466963274e+0,7.291084840899e+3,7.263102274569e+3,4.507003657580e+2,4.211576681454e-7,1.290118071472e-1
1.640063358120e-1,1.026666231805e+0,1.026830776648e+0,7.380285111540e+3,7.351963486639e+3,4.511794942844e+2,4.245583575321e-7,1.325264151333e-1
1.660217772759e-1,1.027037113394e+0,1.027201916043e+0,7.470979977417e+3,7.442318670600e+3,4.516686346280e+2,4.274972235339e-7,1.361584655102e-1
1.680054203274e-1,1.027403331571e+0,1.027568386050e+0,7.560243914732e+3,7.531243405041e+3,4.521519713542e+2,4.298702929784e-7,1.397909157718e-1
1.700223051230e-1,1.027776892411e+0,1.027942189653e+0,7.651003730537e+3,7.621650752953e+3,4.526453540971e+2,4.320935064796e-7,1.435432773024e-1
1.720073734920e-1,1.028145763098e+0,1.028311296749e+0,7.740331807139e+3,7.710626386066e+3,4.531328943497e+2,4.346432399051e-7,1.472951019032e-1
1.740257123604e-1,1.028522066268e+0,1.028687827575e+0,7.831157056217e+3,7.801092111715e+3,4.536306187976e+2,4.377115330976e-7,1.511701280718e-1
1.760122167046e-1,1.028893698598e+0,1.029059682666e+0,7.920549751709e+3,7.890135888423e+3,4.541225228535e+2,4.410435509026e-7,1.550441612345e-1
1.780320205749e-1,1.029272857134e+0,1.029439060351e+0,8.011440925870e+3,7.980677721876e+3,4.546247551751e+2,4.444962898056e-7,1.590448079142e-1
1.800199717312e-1,1.029647309599e+0,1.029813716536e+0,8.100898727906e+3,8.069794201809e+3,4.551211171418e+2,4.476212906337e-7,1.630434532523e-1
1.820086444772e-1,1.030023156604e+0,1.030190152602e+0,8.190389001475e+3,8.158942237751e+3,4.556196908414e+2,4.504993448593e-7,1.671045275668e-1
1.840306606467e-1,1.030406595095e+0,1.030574417579e+0,8.281379729104e+3,8.249581900338e+3,4.561287099894e+2,4.532562756460e-7,1.712966198639e-1
1.860207966847e-1,1.030785264295e+0,1.030953889730e+0,8.370935850811e+3,8.338788904022e+3,4.566317697815e+2,4.560856975780e-7,1.754850449956e-1
1.880116625679e-1,1.031165356694e+0,1.031334778122e+0,8.460524815557e+3,8.428027163022e+3,4.571370921161e+2,4.591258643015e-7,1.797375690055e-1
1.900032610754e-1,1.031546891960e+0,1.031717099011e+0,8.550146748393e+3,8.517298894840e+3,4.576447074932e+2,4.623887990323e-7,1.840548731023e-1
1.920282623630e-1,1.031936177803e+0,1.032107178785e+0,8.641271806337e+3,8.608069948498e+3,4.581630218264e+2,4.658769825788e-7,1.885100135841e-1
1.940213466719e-1,1.032320669480e+0,1.032492437470e+0,8.730960600235e+3,8.697412724804e+3,4.586753369757e+2,4.692850610759e-7,1.929599045099e-1
1.960151721195e-1,1.032706639116e+0,1.032879169937e+0,8.820682745379e+3,8.786789740629e+3,4.591900054032e+2,4.726089319693e-7,1.974764048863e-1
1.980097415693e-1,1.033094092163e+0,1.033267379046e+0,8.910438370621e+3,8.876199770970e+3,4.597070389499e+2,4.758370227687e-7,2.020600593528e-1
2.000050579052e-1,1.033483035896e+0,1.033657070385e+0,9.000227605732e+3,8.965641999257e+3,4.602264519365e+2,4.790213034192e-7,2.067114376524e-1
2.020011240326e-1,1.033873480980e+0,1.034048255046e+0,9.090050581466e+3,9.055116367795e+3,4.607482632635e+2,4.822409704100e-7,2.114311548129e-1
2.040306839015e-1,1.034271878441e+0,1.034447399355e+0,9.181380775567e+3,9.146090873460e+3,4.612811089683e+2,4.856106726144e-7,2.162989394126e-1
2.060282708292e-1,1.034665394645e+0,1.034841640285e+0,9.271272187315e+3,9.235632346268e+3,4.618078292679e+2,4.890721419955e-7,2.211584904021e-1
2.080266164486e-1,1.035060457219e+0,1.035237423879e+0,9.361197740187e+3,9.325208512554e+3,4.623370225540e+2,4.926368471871e-7,2.260884352185e-1
2.100257237568e-1,1.035457079440e+0,1.035634758457e+0,9.451157569054e+3,9.414819765113e+3,4.628687115320e+2,4.962575663179e-7,2.310894507280e-1
2.120255957742e-1,1.035855272753e+0,1.036033658166e+0,9.541151809841e+3,9.504466049314e+3,4.634029165223e+2,4.998884878206e-7,2.361621976278e-1
2.140262355444e-1,1.036255047507e+0,1.036434133588e+0,9.631180599499e+3,9.594147036528e+3,4.639396564469e+2,5.035042074314e-7,2.413073288578e-1
2.160276461341e-1,1.036656414035e+0,1.036836193696e+0,9.721244076035e+3,9.683862368557e+3,4.644789502700e+2,5.071062332078e-7,2.465255029550e-1
2.180298306336e-1,1.037059383570e+0,1.037239851902e+0,9.811342378514e+3,9.773611861929e+3,4.650208182334e+2,5.107171841308e-7,2.518173961755e-1
2.200327921576e-1,1.037463968665e+0,1.037645119227e+0,9.901475647094e+3,9.863395597128e+3,4.655652824256e+2,5.143679866685e-7,2.571837086855e-1
2.220036793140e-1,1.037863511054e+0,1.038045326974e+0,9.990165569130e+3,9.951741274230e+3,4.661033773849e+2,5.180288095708e-7,2.625353559406e-1
2.240081914627e-1,1.038271342180e+0,1.038453828114e+0,1.008036861582e+4,1.004159397678e+4,4.666530628778e+2,5.218166270198e-7,2.680514446499e-1
2.260134900769e-1,1.038680831190e+0,1.038863982573e+0,1.017060705346e+4,1.013148203002e+4,4.672054175493e+2,5.256811775945e-7,2.736441516073e-1
2.280195783718e-1,1.039091992422e+0,1.039275802727e+0,1.026088102673e+4,1.022140576363e+4,4.677604662247e+2,5.296108482246e-7,2.793142318287e-1
2.300264595884e-1,1.039504839757e+0,1.039689304772e+0,1.035119068148e+4,1.031136537026e+4,4.683182332002e+2,5.335891364761e-7,2.850624420357e-1
2.320012178130e-1,1.039912576785e+0,1.040097680881e+0,1.044005480159e+4,1.039988523483e+4,4.688695310465e+2,5.375307507458e-7,2.907933710753e-1
2.340096815683e-1,1.040328808341e+0,1.040514557018e+0,1.053043567057e+4,1.048991612008e+4,4.694327603673e+2,5.415726460170e-7,2.966988102415e-1
2.360189480721e-1,1.040746766134e+0,1.040933154144e+0,1.062085266325e+4,1.057998296383e+4,4.699987792507e+2,5.456411112452e-7,3.026846651475e-1
2.380290206717e-1,1.041166463943e+0,1.041353485886e+0,1.071130593023e+4,1.067008579540e+4,4.705676121947e+2,5.497419254658e-7,3.087517219746e-1
2.400069309176e-1,1.041580992719e+0,1.041768634416e+0,1.080031189129e+4,1.075874672481e+4,4.711298896858e+2,5.538212348244e-7,3.147993116183e-1
2.420186125075e-1,1.042004184856e+0,1.042192451543e+0,1.089083756284e+4,1.084892132487e+4,4.717043802474e+2,5.580145029656e-7,3.210298290401e-1
2.440311103450e-1,1.042429160912e+0,1.042618048453e+0,1.098139996552e+4,1.093913237742e+4,4.722817622927e+2,5.622660397276e-7,3.273439833908e-1
2.460114160563e-1,1.042848925642e+0,1.043038419389e+0,1.107051372253e+4,1.102790039371e+4,4.728525264499e+2,5.665095855027e-7,3.336370407373e-1
2.480255432724e-1,1.043277486167e+0,1.043467591473e+0,1.116114944726e+4,1.111818443992e+4,4.734357246809e+2,5.708835366556e-7,3.401196069297e-1
2.500074584292e-1,1.043700806815e+0,1.043891509971e+0,1.125033562931e+4,1.120702465396e+4,4.740122629038e+2,5.752429847916e-7,3.465799793602e-1
2.520232288638e-1,1.044133013516e+0,1.044324320259e+0,1.134104529887e+4,1.129738248714e+4,4.746013861260e+2,5.797337397187e-7,3.532343629567e-1
2.540067671934e-1,1.044559951043e+0,1.044751847543e+0,1.143030452370e+4,1.138629557648e+4,4.751838061882e+2,5.842013073235e-7,3.598654392291e-1
2.560241949203e-1,1.044995866394e+0,1.045188358726e+0,1.152108877141e+4,1.147672782690e+4,4.757789650520e+2,5.887982744018e-7,3.666951291000e-1
2.580093703832e-1,1.045426482764e+0,1.045619557038e+0,1.161042166724e+4,1.156571435867e+4,4.763673768945e+2,5.933684144608e-7,3.735003845451e-1
2.600284697166e-1,1.045866170370e+0,1.046059832505e+0,1.170128113725e+4,1.165622156367e+4,4.769686844167e+2,5.980680088255e-7,3.805089602617e-1
2.620152965128e-1,1.046300529026e+0,1.046494766120e+0,1.179068834307e+4,1.174528208436e+4,4.775632008181e+2,6.027429337067e-7,3.874919662530e-1
2.640029474939e-1,1.046736767479e+0,1.046931576073e+0,1.188013263722e+4,1.183437951458e+4,4.781607871678e+2,6.074728985779e-7,3.945644700346e-1
2.660245745885e-1,1.047182220490e+0,1.047377606360e+0,1.197110585648e+4,1.192499991014e+4,4.787715103965e+2,6.123385714083e-7,4.018475431020e-1
2.680138986050e-1,1.047622299712e+0,1.047818249997e+0,1.206062543723e+4,1.201417225219e+4,4.793753765086e+2,6.171854847864e-7,4.091033383164e-1
2.700040577084e-1,1.048064308681e+0,1.048260820279e+0,1.215018259688e+4,1.210338199571e+4,4.799824014663e+2,6.220934021145e-7,4.164514403336e-1
2.720282460009e-1,1.048515680231e+0,1.048712759262e+0,1.224127107004e+4,1.219411707676e+4,4.806028129734e+2,6.271460738166e-7,4.240176254414e-1
2.740201004147e-1,1.048961632886e+0,1.049159266806e+0,1.233090451866e+4,1.228340276797e+4,4.812163009957e+2,6.321817567440e-7,4.315548097074e-1
2.760128011070e-1,1.049409567372e+0,1.049607753107e+0,1.242057604982e+4,1.237272638391e+4,4.818330407217e+2,6.372822833693e-7,4.391872353752e-1
2.780063518538e-1,1.049859501412e+0,1.050058236133e+0,1.251028583342e+4,1.246208809823e+4,4.824530637982e+2,6.424485121220e-7,4.469159036312e-1
2.800007564647e-1,1.050311452959e+0,1.050510733881e+0,1.260003404091e+4,1.255148808439e+4,4.830764023154e+2,6.476812465453e-7,4.547418302211e-1
2.820292804440e-1,1.050773023980e+0,1.050972857243e+0,1.269131761998e+4,1.264241747623e+4,4.837135620936e+2,6.530708873535e-7,4.627989540373e-1
2.840254187414e-1,1.051229099777e+0,1.051429473461e+0,1.278114384336e+4,1.273189517476e+4,4.843436862313e+2,6.584403148501e-7,4.708241689797e-1
2.860224226037e-1,1.051687248711e+0,1.051888160202e+0,1.287100901716e+4,1.282141166933e+4,4.849772253932e+2,6.638787305904e-7,4.789497975815e-1
2.880202959801e-1,1.052147489731e+0,1.052348936518e+0,1.296091331910e+4,1.291096713506e+4,4.856142135483e+2,6.693871689684e-7,4.871769170859e-1
2.900190428561e-1,1.052609842045e+0,1.052811821577e+0,1.305085692853e+4,1.300056174856e+4,4.862546851642e+2,6.749667623326e-7,4.955066208942e-1
2.920186672538e-1,1.053074325133e+0,1.053276834918e+0,1.314084002642e+4,1.309019568812e+4,4.868986752171e+2,6.806187342042e-7,5.039400188948e-1
2.940191732320e-1,1.053540958750e+0,1.053743996429e+0,1.323086279544e+4,1.317986913387e+4,4.875462192038e+2,6.863443968091e-7,5.124782378087e-1
2.960205648875e-1,1.054009762934e+0,1.054213326173e+0,1.332092541994e+4,1.326958226805e+4,4.881973531530e+2,6.921451338691e-7,5.211224215456e-1
2.980228463549e-1,1.054480758007e+0,1.054684844489e+0,1.341102808597e+4,1.335933527499e+4,4.888521136359e+2,6.980223802186e-7,5.298737315454e-1
3.000260218076e-1,1.054953964586e+0,1.055158572139e+0,1.350117098134e+4,1.344912834104e+4,4.895105377762e+2,7.039776140949e-7,5.387333471258e-1
3.020300954584e-1,1.055429403585e+0,1.055634530132e+0,1.359135429563e+4,1.353896165462e+4,4.901726632619e+2,7.100123523322e-7,5.477024658451e-1
3.040016478728e-1,1.055899116075e+0,1.056104750908e+0,1.368007415428e+4,1.362733717431e+4,4.908273997236e+2,7.160257133862e-7,5.566300589216e-1
3.060075155693e-1,1.056379045782e+0,1.056585195481e+0,1.377033820062e+4,1.371725087832e+4,4.914969799837e+2,7.222227785731e-7,5.658199753393e-1
3.080142942702e-1,1.056861272128e+0,1.057067934781e+0,1.386064324216e+4,1.380720540391e+4,4.921703774841e+2,7.285040001826e-7,5.751230796524e-1
3.100219883500e-1,1.057345817268e+0,1.057552990992e+0,1.395098947575e+4,1.389720094733e+4,4.928476322696e+2,7.348709953788e-7,5.845406457942e-1
3.120306022256e-1,1.057832703686e+0,1.058040386611e+0,1.404137710015e+4,1.398723770678e+4,4.935287850066e+2,7.413254041100e-7,5.940739678558e-1
3.140066404562e-1,1.058313780522e+0,1.058521962449e+0,1.413029882053e+4,1.407581423824e+4,4.942024262837e+2,7.477593733966e-7,6.035625540141e-1
3.160170918291e-1,1.058805378307e+0,1.059014066010e+0,1.422076913231e+4,1.416593333701e+4,4.948914327734e+2,7.543921100076e-7,6.133293684590e-1
3.180284764313e-1,1.059299386448e+0,1.059508578239e+0,1.431128143941e+4,1.425609425434e+4,4.955844623530e+2,7.611173274374e-7,6.232159234617e-1
3.200072524368e-1,1.059787534680e+0,1.059997220598e+0,1.440032635966e+4,1.434479346844e+4,4.962699064700e+2,7.678225856498e-7,6.330558030515e-1
3.220205015705e-1,1.060286394271e+0,1.060496581171e+0,1.449092257067e+4,1.443503793709e+4,4.969710438610e+2,7.747364831535e-7,6.431839438578e-1
3.240011200426e-1,1.060779360265e+0,1.060990038339e+0,1.458005040192e+4,1.452381971412e+4,4.976645463388e+2,7.816307817989e-7,6.532641138621e-1
3.260162521250e-1,1.061283167968e+0,1.061494344117e+0,1.467073134563e+4,1.461414855940e+4,4.983739671886e+2,7.887406484026e-7,6.636394401817e-1
3.280323406934e-1,1.061789508106e+0,1.062001180951e+0,1.476145533120e+4,1.470452026556e+4,4.990876329609e+2,7.959522118152e-7,6.741415792018e-1
3.300157651697e-1,1.062289903655e+0,1.062502063622e+0,1.485070943264e+4,1.479342778216e+4,4.997935891137e+2,8.031448228267e-7,6.845937917984e-1
3.320001238114e-1,1.062792797618e+0,1.063005443487e+0,1.494000557151e+4,1.488237715932e+4,5.005037404122e+2,8.104396124267e-7,6.951715147142e-1
3.340190785261e-1,1.063306803497e+0,1.063519942297e+0,1.503085853368e+4,1.497287729946e+4,5.012302780039e+2,8.179647711003e-7,7.060587546290e-1
3.360053356171e-1,1.063814813733e+0,1.064028436104e+0,1.512024010277e+4,1.506191174710e+4,5.019490313790e+2,8.254717853256e-7,7.168941175006e-1
3.380262307857e-1,1.064334075974e+0,1.064548189022e+0,1.521118038536e+4,1.515249883975e+4,5.026844143219e+2,8.332170739218e-7,7.280464776836e-1
3.400144057524e-1,1.064847308269e+0,1.065061902784e+0,1.530064825886e+4,1.524161922788e+4,5.034119630545e+2,8.409448529094e-7,7.391456550709e-1
3.420035389259e-1,1.065363169910e+0,1.065578244912e+0,1.539015925166e+4,1.533078255326e+4,5.041439461648e+2,8.487853882004e-7,7.503779853327e-1
3.440273740057e-1,1.065890499648e+0,1.066106062344e+0,1.548123183026e+4,1.542150138360e+4,5.048929349987e+2,8.568767072518e-7,7.619388972762e-1
3.460184548691e-1,1.066411747909e+0,1.066627789286e+0,1.557083046911e+4,1.551075198468e+4,5.056340147391e+2,8.649516258610e-7,7.734446734276e-1
3.480105089525e-1,1.066935709062e+0,1.067152228293e+0,1.566047290286e+4,1.560004619536e+4,5.063796819898e+2,8.731463176074e-7,7.850885000345e-1
3.500035413369e-1,1.067462411691e+0,1.067679408011e+0,1.575015936016e+4,1.568938424319e+4,5.071299892311e+2,8.814632309435e-7,7.968720564912e-1
3.520313625408e-1,1.068000883012e+0,1.068218363760e+0,1.584141131434e+4,1.578028169019e+4,5.078978272141e+2,8.900489802751e-7,8.090003986576e-1
3.540263837871e-1,1.068533203924e+0,1.068751160348e+0,1.593118727042e+4,1.586970885752e+4,5.086576564002e+2,8.986201237139e-7,8.210710113740e-1
3.560223989921e-1,1.069068355391e+0,1.069286786872e+0,1.602100795465e+4,1.595918056318e+4,5.094222893835e+2,9.073212720814e-7,8.332865987781e-1
3.580194134574e-1,1.069606367916e+0,1.069825273867e+0,1.611087360559e+4,1.604869704461e+4,5.101917823442e+2,9.161551435949e-7,8.456489606719e-1
3.600174325420e-1,1.070147272503e+0,1.070366652403e+0,1.620078446439e+4,1.613825854177e+4,5.109661924374e+2,9.251245295604e-7,8.581599285847e-1
3.620164616628e-1,1.070691100673e+0,1.070910954038e+0,1.629074077483e+4,1.622786529725e+4,5.117455778154e+2,9.342322965675e-7,8.708213665146e-1
3.640165062961e-1,1.071237884473e+0,1.071458210872e+0,1.638074278332e+4,1.631751755629e+4,5.125299976511e+2,9.434813887149e-7,8.836351716882e-1
3.660175719779e-1,1.071787656489e+0,1.072008455545e+0,1.647079073901e+4,1.640721556680e+4,5.133195121620e+2,9.528748308590e-7,8.966032753456e-1
3.680196643059e-1,1.072340449857e+0,1.072561721226e+0,1.656088489377e+4,1.649695957944e+4,5.141141826346e+2,9.624157307226e-7,9.097276435472e-1
3.700227889394e-1,1.072896298277e+0,1.073118041678e+0,1.665102550227e+4,1.658674984763e+4,5.149140714501e+2,9.721072821842e-7,9.230102780037e-1
3.720269516013e-1,1.073455236027e+0,1.073677451217e+0,1.674121282206e+4,1.667658662766e+4,5.157192421104e+2,9.819527681275e-7,9.364532169335e-1
3.740321580787e-1,1.074017297972e+0,1.074239984765e+0,1.683144711354e+4,1.676647017866e+4,5.165297592650e+2,9.919555633941e-7,9.500585359429e-1
3.760044011054e-1,1.074572913035e+0,1.074796063296e+0,1.692019804974e+4,1.685487612203e+4,5.173318139669e+2,1.001945515840e-6,9.635935800526e-1
3.780116948967e-1,1.075141275933e+0,1.075364897557e+0,1.701052627035e+4,1.694485320030e+4,5.181531293536e+2,1.012270618020e-6,9.775271974818e-1
3.800200501598e-1,1.075712870680e+0,1.075936963623e+0,1.710090225719e+4,1.703487784016e+4,5.189799911835e+2,1.022763677294e-6,9.916296178490e-1
3.820294729492e-1,1.076287734633e+0,1.076512298895e+0,1.719132628272e+4,1.712495031273e+4,5.198124689611e+2,1.033428468574e-6,1.005903074973e+0
3.840058842002e-1,1.076856078538e+0,1.077081106178e+0,1.728026478901e+4,1.721354302240e+4,5.206363795348e+2,1.044083638577e-6,1.020103527782e+0
3.860174421330e-1,1.077437538611e+0,1.077663037714e+0,1.737078489599e+4,1.730371116388e+4,5.214802047156e+2,1.055100580149e-6,1.034722933355e+0
3.880300860746e-1,1.078022383333e+0,1.078248354047e+0,1.746135387336e+4,1.739392796560e+4,5.223298609981e+2,1.066301179388e-6,1.049520294158e+0
3.900096821071e-1,1.078600653377e+0,1.078827087895e+0,1.755043569482e+4,1.748266337426e+4,5.231708725637e+2,1.077495039156e-6,1.064242642722e+0
3.920244984885e-1,1.079192329332e+0,1.079419235893e+0,1.764110243198e+4,1.757297751472e+4,5.240323150112e+2,1.089072484266e-6,1.079400066200e+0
3.940062426146e-1,1.079777394441e+0,1.080004765328e+0,1.773028091766e+4,1.766180917083e+4,5.248850618077e+2,1.100645354935e-6,1.094481164742e+0
3.960232569667e-1,1.080376065084e+0,1.080603908638e+0,1.782104656350e+4,1.775222179295e+4,5.257585961154e+2,1.112617288531e-6,1.110008490808e+0
3.980071745838e-1,1.080968088877e+0,1.081196397468e+0,1.791032285627e+4,1.784115083340e+4,5.266233844176e+2,1.124587026790e-6,1.125458200373e+0
4.000264130519e-1,1.081573923711e+0,1.081802705789e+0,1.800118858733e+4,1.793166310758e+4,5.275093281530e+2,1.136972148576e-6,1.141365656199e+0
4.020125301722e-1,1.082173075903e+0,1.082402323920e+0,1.809056385775e+4,1.802069069673e+4,5.283864762076e+2,1.149357683553e-6,1.157194228378e+0
4.040340195383e-1,1.082786250787e+0,1.083015973308e+0,1.818153087922e+4,1.811130382185e+4,5.292851594327e+2,1.162175829080e-6,1.173492448765e+0
4.060223628120e-1,1.083392707502e+0,1.083622897057e+0,1.827100632654e+4,1.820043115269e+4,5.301749980904e+2,1.174997246711e-6,1.189710546381e+0
4.080118197324e-1,1.084002852621e+0,1.084233509827e+0,1.836053188796e+4,1.828960837950e+4,5.310712545420e+2,1.188042571770e-6,1.206125827901e+0
4.100023970939e-1,1.084616731929e+0,1.084847857450e+0,1.845010786923e+4,1.837883580646e+4,5.319740150261e+2,1.201317208617e-6,1.222741074672e+0
4.120284514383e-1,1.085245074833e+0,1.085476677475e+0,1.854128031472e+4,1.846965346108e+4,5.328991043336e+2,1.215061746951e-6,1.239850886217e+0
4.140213100235e-1,1.085866629823e+0,1.086098702270e+0,1.863095895106e+4,1.855898309505e+4,5.338152545521e+2,1.228816113155e-6,1.256878206762e+0
4.160153100694e-1,1.086492062538e+0,1.086724605602e+0,1.872068895312e+4,1.864836387018e+4,5.347381796612e+2,1.242817158213e-6,1.274114232373e+0
4.180104587201e-1,1.087121422417e+0,1.087354436961e+0,1.881047064240e+4,1.873779610626e+4,5.356679731235e+2,1.257071012197e-6,1.291561980229e+0
4.200067632111e-1,1.087754759869e+0,1.087988246807e+0,1.890030434450e+4,1.882728012715e+4,5.366047303240e+2,1.271584002314e-6,1.309224530285e+0
4.220042308708e-1,1.088392126299e+0,1.088626086595e+0,1.899019038919e+4,1.891681626087e+4,5.375485486232e+2,1.286362658965e-6,1.327105027016e+0
4.240028691229e-1,1.089033574137e+0,1.089268008807e+0,1.908012911053e+4,1.900640483965e+4,5.384995274122e+2,1.301413722275e-6,1.345206681211e+0
4.260026854877e-1,1.089679156862e+0,1.089914066973e+0,1.917012084695e+4,1.909604620004e+4,5.394577681694e+2,1.316744149256e-6,1.363532771836e+0
4.280036875844e-1,1.090328929035e+0,1.090564315707e+0,1.926016594130e+4,1.918574068300e+4,5.404233745195e+2,1.332361122195e-6,1.382086647969e+0
4.300058831331e-1,1.090982946325e+0,1.091218810731e+0,1.935026474099e+4,1.927548863402e+4,5.413964522947e+2,1.348272058270e-6,1.400871730795e+0
4.320092799567e-1,1.091641265544e+0,1.091877608908e+0,1.944041759805e+4,1.936529040320e+4,5.423771095979e+2,1.364484620482e-6,1.419891515674e+0
4.340138859831e-1,1.092303944673e+0,1.092540768277e+0,1.953062486924e+4,1.945514634534e+4,5.433654568678e+2,1.381006729472e-6,1.439149574290e+0
4.360197092474e-1,1.092971042902e+0,1.093208348078e+0,1.962088691613e+4,1.954505682004e+4,5.443616069470e+2,1.397846575851e-6,1.458649556866e+0
4.380267578941e-1,1.093642620658e+0,1.093880408797e+0,1.971120410523e+4,1.963502219181e+4,5.453656751524e+2,1.415012632439e-6,1.478395194465e+0
4.400004041246e-1,1.094307043596e+0,1.094545307779e+0,1.980001818561e+4,1.972349027985e+4,5.463602605225e+2,1.432209033615e-6,1.498043422924e+0
4.420099069334e-1,1.094987686903e+0,1.095226436970e+0,1.989044581200e+4,1.981356559677e+4,5.473803795276e+2,1.450048106151e-6,1.518287497180e+0
4.440206600906e-1,1.095672997698e+0,1.095912235206e+0,1.998092970408e+4,1.990369692798e+4,5.484087760468e+2,1.468240453260e-6,1.538788859477e+0
4.460326721999e-1,1.096363041709e+0,1.096602768275e+0,2.007147024900e+4,1.999388465842e+4,5.494455759994e+2,1.486795786167e-6,1.559551587418e+0
4.480112294771e-1,1.097045864968e+0,1.097286073792e+0,2.016050532647e+4,2.008257275517e+4,5.504728121829e+2,1.505394588700e-6,1.580215022573e+0
4.500257637061e-1,1.097745493821e+0,1.097986195082e+0,2.025115936677e+4,2.017287347146e+4,5.515266577974e+2,1.524699704557e-6,1.601508403593e+0
4.520068168324e-1,1.098437870666e+0,1.098679057621e+0,2.034030675746e+4,2.026167337618e+4,5.525709030940e+2,1.544055817419e-6,1.622701680375e+0
4.540239084646e-1,1.099147360068e+0,1.099389043076e+0,2.043107588091e+4,2.035208865693e+4,5.536423241224e+2,1.564153086757e-6,1.644542879924e+0
4.560074926121e-1,1.099849567431e+0,1.100091739808e+0,2.052033716754e+4,2.044100194328e+4,5.547041111672e+2,1.584309645217e-6,1.666283260704e+0
4.580271779531e-1,1.100569205441e+0,1.100811877733e+0,2.061122300789e+4,2.053153341285e+4,5.557936621974e+2,1.605244562149e-6,1.688690256239e+0
4.600133293207e-1,1.101281532763e+0,1.101524698340e+0,2.070059981943e+4,2.062056170039e+4,5.568735487936e+2,1.626247920862e-6,1.710995826313e+0
4.620007668832e-1,1.101998987412e+0,1.102242648309e+0,2.079003450974e+4,2.070964760349e+4,5.579626214192e+2,1.647689249051e-6,1.733588505075e+0
4.640244016052e-1,1.102734370558e+0,1.102978537618e+0,2.088109807224e+4,2.080035598692e+4,5.590803815565e+2,1.669969412825e-6,1.756877179398e+0
4.660144625482e-1,1.103462403113e+0,1.103707069790e+0,2.097065081467e+4,2.088955940343e+4,5.601884385239e+2,1.692333494411e-6,1.780063748613e+0
4.680058381473e-1,1.104195797847e+0,1.104440966369e+0,2.106026271663e+4,2.097882170857e+4,5.613061359645e+2,1.715175310928e-6,1.803552172182e+0
4.700335096498e-1,1.104947647410e+0,1.105193328935e+0,2.115150793424e+4,2.106971091529e+4,5.624535009302e+2,1.738922892156e-6,1.827767813364e+0
4.720275673614e-1,1.105692110598e+0,1.105938298663e+0,2.124124053126e+4,2.115909336089e+4,5.635911334031e+2,1.762772312725e-6,1.851880983921e+0
4.740229695098e-1,1.106442187750e+0,1.106688884786e+0,2.133103362794e+4,2.124853602715e+4,5.647388950677e+2,1.787143971998e-6,1.876311875588e+0
4.760197262713e-1,1.107197966327e+0,1.107445174833e+0,2.142088768221e+4,2.133803936923e+4,5.658969560387e+2,1.812053787836e-6,1.901066013328e+0
4.780178479815e-1,1.107959535900e+0,1.108207258492e+0,2.151080315917e+4,2.142760384932e+4,5.670654907194e+2,1.837518303696e-6,1.926149062419e+0
4.800173451390e-1,1.108726988222e+0,1.108975227516e+0,2.160078053125e+4,2.151722993692e+4,5.682446779486e+2,1.863554716141e-6,1.951566833240e+0
4.820182284096e-1,1.109500417300e+0,1.109749176039e+0,2.169082027843e+4,2.160691810898e+4,5.694347011518e+2,1.890180907662e-6,1.977325286253e+0
4.840205086302e-1,1.110279919469e+0,1.110529200401e+0,2.178092288836e+4,2.169666885007e+4,5.706357485005e+2,1.917415482105e-6,2.003430537195e+0
4.860241968128e-1,1.111065593474e+0,1.111315399359e+0,2.187108885657e+4,2.178648265261e+4,5.718480130775e+2,1.945277803531e-6,2.029888862506e+0
4.880293041492e-1,1.111857540550e+0,1.112107874534e+0,2.196131868672e+4,2.187636001705e+4,5.730716930503e+2,1.973788036399e-6,2.056706705004e+0
4.900006272032e-1,1.112641803267e+0,1.112892658858e+0,2.205002822414e+4,2.196472297701e+4,5.742852186291e+2,2.002449380674e-6,2.083410574174e+0
4.920085817645e-1,1.113446495913e+0,1.113697885668e+0,2.214038617940e+4,2.205472786192e+4,5.755321358071e+2,2.032307010758e-6,2.110960872633e+0
4.940179899724e-1,1.114257779220e+0,1.114509706194e+0,2.223080954876e+4,2.214479785082e+4,5.767910914218e+2,2.062877832112e-6,2.138890951361e+0
4.960288637816e-1,1.115075765237e+0,1.115328232817e+0,2.232129887017e+4,2.223493347810e+4,5.780623057630e+2,2.094185602690e-6,2.167207977120e+0
4.980058981318e-1,1.115886039306e+0,1.116139041145e+0,2.241026541593e+4,2.232355222593e+4,5.793233752353e+2,2.125685771627e-6,2.195412166627e+0
5.000197135789e-1,1.116717656114e+0,1.116971205323e+0,2.250088711105e+4,2.241381959432e+4,5.806195672448e+2,2.158528823083e-6,2.224518271695e+0
5.020350315151e-1,1.117556327810e+0,1.117810427820e+0,2.259157641818e+4,2.250415424998e+4,5.819287119301e+2,2.192185988283e-6,2.254033907449e+0
5.040164685692e-1,1.118387276796e+0,1.118641921555e+0,2.268074108561e+4,2.259297016788e+4,5.832277409597e+2,2.226072766526e-6,2.283438288890e+0
5.060348031858e-1,1.119240305836e+0,1.119495508732e+0,2.277156614336e+4,2.268343991870e+4,5.845632973628e+2,2.261428396604e-6,2.313789683960e+0
5.080192293651e-1,1.120085610541e+0,1.120341365462e+0,2.286086532143e+4,2.277238969540e+4,5.858887698044e+2,2.297041919049e-6,2.344031281772e+0
5.100051560747e-1,1.120938221050e+0,1.121194531893e+0,2.295023202336e+4,2.286140666695e+4,5.872277262043e+2,2.333556487015e-6,2.374700134340e+0
5.120281001806e-1,1.121813695383e+0,1.122070575949e+0,2.304126450813e+4,2.295208283400e+4,5.886047095760e+2,2.371681344368e-6,2.406364198643e+0
5.140170946491e-1,1.122681452494e+0,1.122938896886e+0,2.313076925921e+4,2.304123717812e+4,5.899716775131e+2,2.410112606954e-6,2.437921341892e+0
5.160076296811e-1,1.123556923970e+0,1.123814936250e+0,2.322034333565e+4,2.313046050579e+4,5.913529408712e+2,2.449545589069e-6,2.469932175017e+0
5.180353062688e-1,1.124456099033e+0,1.124714693614e+0,2.331158878210e+4,2.322134858444e+4,5.927738447708e+2,2.490749173639e-6,2.502990141696e+0
5.200289920909e-1,1.125347577253e+0,1.125606748283e+0,2.340130464409e+4,2.331071299417e+4,5.941848310379e+2,2.532316450493e-6,2.535945028521e+0
5.220242607827e-1,1.126247214741e+0,1.126506966614e+0,2.349109173522e+4,2.340014827732e+4,5.956109994770e+2,2.575001008145e-6,2.569382504680e+0
5.240211268987e-1,1.127155167698e+0,1.127415504954e+0,2.358095071044e+4,2.348965508397e+4,5.970526621438e+2,2.618844888069e-6,2.603312742742e+0
5.260196052737e-1,1.128071596989e+0,1.128332524268e+0,2.367088223732e+4,2.357923407665e+4,5.985101407975e+2,2.663892181863e-6,2.637746232897e+0
5.280197110306e-1,1.128996668337e+0,1.129258190412e+0,2.376088699638e+4,2.366888593071e+4,5.999837673099e+2,2.710189154782e-6,2.672693796343e+0
5.300214595898e-1,1.129930552524e+0,1.130192674223e+0,2.385096568154e+4,2.375861133471e+4,6.014738840965e+2,2.757784380450e-6,2.708166599393e+0
5.320248666777e-1,1.130873425603e+0,1.131136151974e+0,2.394111900049e+4,2.384841099087e+4,6.029808445707e+2,2.806728885337e-6,2.744176168340e+0
5.340299483367e-1,1.131825469122e+0,1.132088805291e+0,2.403134767515e+4,2.393828561539e+4,6.045050136228e+2,2.857076300188e-6,2.780734405138e+0
5.360008707858e-1,1.132769619312e+0,1.133033559528e+0,2.412003918536e+4,2.402662901509e+4,6.060190803492e+2,2.907944766395e-6,2.817185768978e+0
5.380093203855e-1,1.133740399249e+0,1.134004959829e+0,2.421041941735e+4,2.411665441166e+4,6.075784852246e+2,2.961242480388e-6,2.854868275771e+0
5.400194943723e-1,1.134720926051e+0,1.134986112567e+0,2.430087724675e+4,2.420675700024e+4,6.091562601079e+2,3.016120176298e-6,2.893137342087e+0
5.420314101489e-1,1.135711405625e+0,1.135977223756e+0,2.439141345670e+4,2.429693755749e+4,6.107528208997e+2,3.072643612280e-6,2.932006539461e+0
5.440091114651e-1,1.136694091620e+0,1.136960535786e+0,2.448041001593e+4,2.438558440756e+4,6.123395735750e+2,3.129826673652e-6,2.970779378077e+0
5.460245326143e-1,1.137704934584e+0,1.137972022088e+0,2.457110396764e+4,2.447592187015e+4,6.139746566600e+2,3.189820735655e-6,3.010880088790e+0
5.480057121032e-1,1.138708051451e+0,1.138975776801e+0,2.466025704465e+4,2.456472440291e+4,6.156001172826e+2,3.250557296137e-6,3.050890961781e+0
5.500247114882e-1,1.139740150584e+0,1.140008531651e+0,2.475111201697e+4,2.465522202149e+4,6.172755328458e+2,3.314325128667e-6,3.092282272174e+0
5.520094422730e-1,1.140764604963e+0,1.141033636337e+0,2.484042490228e+4,2.474418349878e+4,6.189415420629e+2,3.378929486862e-6,3.133591265544e+0
5.540320959901e-1,1.141818915161e+0,1.142088615275e+0,2.493144431955e+4,2.483484466740e+4,6.206592312271e+2,3.446809136032e-6,3.176336546992e+0
5.560204544784e-1,1.142865677580e+0,1.143136041151e+0,2.502092045153e+4,2.492396849672e+4,6.223677645038e+2,3.515632242809e-6,3.219008158622e+0
5.580106398619e-1,1.143923874487e+0,1.144194908290e+0,2.511047879379e+4,2.501317408087e+4,6.240981453536e+2,3.586688469794e-6,3.262380316443e+0
5.600026722110e-1,1.144993770446e+0,1.145265481445e+0,2.520012024949e+4,2.510246231454e+4,6.258509144041e+2,3.660079867869e-6,3.306470675683e+0
5.620328422040e-1,1.146095422574e+0,1.146367830425e+0,2.529147789918e+4,2.519345983419e+4,6.276591344844e+2,3.737316696018e-6,3.352119528003e+0
5.640286651161e-1,1.147189774859e+0,1.147462874541e+0,2.538128993022e+4,2.528291767966e+4,6.294588178425e+2,3.815756956794e-6,3.397715877625e+0
5.660263984740e-1,1.148296685038e+0,1.148570484111e+0,2.547118793133e+4,2.537246100354e+4,6.312826491587e+2,3.896879121064e-6,3.444087904711e+0
5.680260643332e-1,1.149416459386e+0,1.149690965616e+0,2.556117289500e+4,2.546209078834e+4,6.331312576751e+2,3.980812552246e-6,3.491256163641e+0
5.700276852905e-1,1.150549415942e+0,1.150824637321e+0,2.565124583807e+4,2.555180804054e+4,6.350052976891e+2,4.067694755480e-6,3.539242028426e+0
5.720312845050e-1,1.151695885125e+0,1.151971829869e+0,2.574140780273e+4,2.564161379145e+4,6.369054499161e+2,4.157672015861e-6,3.588067737215e+0
5.740004022323e-1,1.152834987828e+0,1.153111651008e+0,2.583001810045e+4,2.572987383240e+4,6.387971433744e+2,4.249175062270e-6,3.636845165496e+0
5.760079927368e-1,1.154009264760e+0,1.154286668300e+0,2.592035967316e+4,2.581985812114e+4,6.407511673936e+2,4.345756297268e-6,3.687404624296e+0
5.780176341177e-1,1.155198119913e+0,1.155476272763e+0,2.601079353530e+4,2.590993414111e+4,6.427335050973e+2,4.445928113701e-6,3.738875853099e+0
5.800293520048e-1,1.156401940122e+0,1.156680851497e+0,2.610132084021e+4,2.600010303267e+4,6.447449578988e+2,4.549879365352e-6,3.791285037513e+0
5.820065388637e-1,1.157598821755e+0,1.157878487098e+0,2.619029424887e+4,2.608872397570e+4,6.467489731368e+2,4.655812702126e-6,3.843680273862e+0
5.840224504516e-1,1.158833507461e+0,1.159113950421e+0,2.628101027032e+4,2.617908041094e+4,6.488206331300e+2,4.767864137333e-6,3.898030212757e+0
5.860038075723e-1,1.160061520565e+0,1.160342736804e+0,2.637017134076e+4,2.626788783601e+4,6.508854807317e+2,4.882181076902e-6,3.952387116046e+0
5.880240219212e-1,1.161328793221e+0,1.161610807347e+0,2.646108098645e+4,2.635843666372e+4,6.530209298429e+2,5.003241242200e-6,4.008794856128e+0
5.900096593490e-1,1.162589701516e+0,1.162872509435e+0,2.655043467071e+4,2.644743546207e+4,6.551502850389e+2,5.126897590098e-6,4.065233524335e+0
5.920342916980e-1,1.163891436973e+0,1.164175064328e+0,2.664154312641e+4,2.653818180282e+4,6.573534379196e+2,5.258010759042e-6,4.123826989293e+0
5.940243258133e-1,1.165187165006e+0,1.165471607980e+0,2.673109466160e+4,2.662737714412e+4,6.595513229612e+2,5.392107562453e-6,4.182478863732e+0
5.960165833222e-1,1.166500911129e+0,1.166786181059e+0,2.682074624950e+4,2.671667186285e+4,6.617847675395e+2,5.531836688634e-6,4.242279768279e+0
5.980110953777e-1,1.167833216075e+0,1.168119324664e+0,2.691049929199e+4,2.680606734143e+4,6.640549068495e+2,5.677534414807e-6,4.303266799732e+0
6.000078940751e-1,1.169184646344e+0,1.169471605678e+0,2.700035523338e+4,2.689556500356e+4,6.663629320003e+2,5.829563376993e-6,4.365478881824e+0
6.020070124982e-1,1.170555795916e+0,1.170843618484e+0,2.709031556242e+4,2.698516631618e+4,6.687100938015e+2,5.988315151926e-6,4.428956888739e+0
6.040084847671e-1,1.171947288103e+0,1.172235986817e+0,2.718038181452e+4,2.707487279155e+4,6.710977068800e+2,6.154213143362e-6,4.493743779372e+0
6.060123460899e-1,1.173359777577e+0,1.173649365790e+0,2.727055557404e+4,2.716468598944e+4,6.735271541615e+2,6.327715818899e-6,4.559884743486e+0
6.080186328182e-1,1.174793952560e+0,1.175084444093e+0,2.736083847682e+4,2.725460751950e+4,6.759998917579e+2,6.509320343827e-6,4.627427361073e+0
6.100273825059e-1,1.176250537232e+0,1.176541946457e+0,2.745123221277e+4,2.734463904374e+4,6.785174543050e+2,6.699566669663e-6,4.696421776375e+0
6.120013656011e-1,1.177702676091e+0,1.177995000395e+0,2.754006145205e+4,2.743311193435e+4,6.810335470107e+2,6.895260528966e-6,4.765601344222e+0
6.140151115559e-1,1.179205958272e+0,1.179499230082e+0,2.763068002002e+4,2.752336653823e+4,6.836447993761e+2,7.104416206666e-6,4.837631589151e+0
6.160314402229e-1,1.180734049758e+0,1.181028285031e+0,2.772141481003e+4,2.761373643008e+4,6.863059786076e+2,7.324125988229e-6,4.911280323071e+0
6.180129824495e-1,1.182258833259e+0,1.182554030201e+0,2.781058421023e+4,2.770254674590e+4,6.889682716331e+2,7.550766329279e-6,4.985199317657e+0
6.200345573024e-1,1.183838780429e+0,1.184134974180e+0,2.790155507861e+4,2.779315075465e+4,6.917341350379e+2,7.793711337479e-6,5.062243064660e+0
6.220213360263e-1,1.185416337612e+0,1.185713527014e+0,2.799096012118e+4,2.788219470914e+4,6.945031902328e+2,8.044841840047e-6,5.139625407883e+0
6.240107761370e-1,1.187021522641e+0,1.187319725560e+0,2.808048492617e+4,2.797135737004e+4,6.973283150615e+2,8.309494380322e-6,5.218827354182e+0
6.260029247084e-1,1.188655400958e+0,1.188954635938e+0,2.817013161188e+4,2.806064080911e+4,7.002117975548e+2,8.588714576520e-6,5.299923631004e+0
6.280354972138e-1,1.190350788963e+0,1.190651662326e+0,2.826159737462e+4,2.815173528532e+4,7.032122248446e+2,8.889379139291e-6,5.384580596689e+0
6.300332648721e-1,1.192046117409e+0,1.192348749011e+0,2.835149691925e+4,2.824126919923e+4,7.062211053351e+2,9.201647208178e-6,5.469748863739e+0
6.320338947148e-1,1.193773780051e+0,1.194078213606e+0,2.844152526217e+4,2.833093064302e+4,7.092961902570e+2,9.532347443047e-6,5.557067691761e+0
6.340374419324e-1,1.195535145158e+0,1.195841426309e+0,2.853168488696e+4,2.842072203523e+4,7.124404387466e+2,9.883048614257e-6,5.646633690395e+0
6.360060772719e-1,1.197297442768e+0,1.197605582998e+0,2.862027347724e+4,2.850894797614e+4,7.155956376569e+2,1.024825667513e-5,5.736793544184e+0
6.380155765937e-1,1.199129992141e+0,1.199440076632e+0,2.871070094672e+4,2.859900435471e+4,7.188864803108e+2,1.064393433437e-5,5.831123943376e+0
6.400281725050e-1,1.201000913641e+0,1.201312999171e+0,2.880126776273e+4,2.868919851323e+4,7.222566230503e+2,1.106544567755e-5,5.928032371525e+0
6.420058677856e-1,1.202875563648e+0,1.203189674630e+0,2.889026405035e+4,2.877782756097e+4,7.256440299221e+2,1.150646950427e-5,6.025741274111e+0
6.440247952856e-1,1.204827947194e+0,1.205144182861e+0,2.898111578785e+4,2.886830324879e+4,7.291831396622e+2,1.198667363888e-5,6.128144216075e+0
6.460088382010e-1,1.206786388454e+0,1.207104770931e+0,2.907039771905e+4,2.895721439987e+4,7.327447724626e+2,1.249091376945e-5,6.231519545937e+0
6.480343803204e-1,1.208828426050e+0,1.209149063351e+0,2.916154711442e+4,2.904798389691e+4,7.364707650708e+2,1.304204156442e-5,6.340001462038e+0
6.500250623884e-1,1.210879337802e+0,1.211202256406e+0,2.925112780748e+4,2.913718977080e+4,7.402256419099e+2,1.362309162616e-5,6.449663540412e+0
6.520191497422e-1,1.212979710091e+0,1.213304982130e+0,2.934086173840e+4,2.922654665988e+4,7.440842786382e+2,1.424840695727e-5,6.562701817727e+0
6.540167256971e-1,1.215132252993e+0,1.215459954664e+0,2.943075265637e+4,2.931605814114e+4,7.480526483864e+2,1.492291253539e-5,6.679311022661e+0
6.560178782077e-1,1.217339919553e+0,1.217670131509e+0,2.952080451935e+4,2.940572797775e+4,7.521372729322e+2,1.565226931915e-5,6.799703729838e+0
6.580227002909e-1,1.219605936819e+0,1.219938744538e+0,2.961102151309e+4,2.949556013400e+4,7.563452937859e+2,1.644301462437e-5,6.924112667343e+0
6.600312905036e-1,1.221933842128e+0,1.222269336387e+0,2.970140807266e+4,2.958555879194e+4,7.606845553965e+2,1.730273553431e-5,7.052793417125e+0
6.620050150709e-1,1.224280847004e+0,1.224619069938e+0,2.979022567819e+4,2.967399269871e+4,7.650761884747e+2,1.822145900869e-5,7.183420568204e+0
6.640213844526e-1,1.226743211729e+0,1.227084318771e+0,2.988096230037e+4,2.976433444767e+4,7.697018138697e+2,1.924541987842e-5,7.321422878677e+0
6.660029597039e-1,1.229230781987e+0,1.229574824445e+0,2.997013318667e+4,2.985311409983e+4,7.743936821868e+2,2.034695897200e-5,7.461823341828e+0
6.680275743624e-1,1.231846300740e+0,1.232193452745e+0,3.006124084631e+4,2.994381837294e+4,7.793473994739e+2,2.158355116261e-5,7.610505811350e+0
6.700174888280e-1,1.234494817062e+0,1.234845141522e+0,3.015078699726e+4,3.003296398431e+4,7.843850947079e+2,2.292426137778e-5,7.762163602882e+0
6.720117353790e-1,1.237232087507e+0,1.237585715250e+0,3.024052809206e+4,3.012229907063e+4,7.896143716022e+2,2.441144010208e-5,7.920057421073e+0
6.740104622878e-1,1.240065126654e+0,1.240422198877e+0,3.033047080295e+4,3.021182958304e+4,7.950510266289e+2,2.606896957298e-5,8.084701030444e+0
6.760138298286e-1,1.243001877547e+0,1.243362547190e+0,3.042062234229e+4,3.030156186276e+4,8.007129889221e+2,2.792606686320e-5,8.256677384954e+0
6.780220119080e-1,1.246051390299e+0,1.246415823645e+0,3.051099053586e+4,3.039150267211e+4,8.066207352109e+2,3.001883506090e-5,8.436652065154e+0
6.800351980173e-1,1.249224047013e+0,1.249592425628e+0,3.060158391078e+4,3.048165922478e+4,8.127978131854e+2,3.239238239081e-5,8.625390222444e+0
6.820139676676e-1,1.252465605558e+0,1.252838045331e+0,3.069062854504e+4,3.057026485699e+4,8.191415295986e+2,3.504692058578e-5,8.819789199407e+0
6.840376959731e-1,1.255919468378e+0,1.256296267794e+0,3.078169631879e+4,3.066087184271e+4,8.259369535655e+2,3.816041601006e-5,9.028641970975e+0
6.860272626065e-1,1.259465911362e+0,1.259847220954e+0,3.087122681729e+4,3.074993527439e+4,8.329535276906e+2,4.170155511481e-5,9.244924493428e+0
6.880225598921e-1,1.263189535320e+0,1.263575615750e+0,3.096101519514e+4,3.083923810526e+4,8.403632987288e+2,4.584511258302e-5,9.473990712543e+0
6.900238839101e-1,1.267112359485e+0,1.267503503537e+0,3.105107477596e+4,3.092878926224e+4,8.482168603248e+2,5.074945432957e-5,9.717481595530e+0
6.920315689964e-1,1.271261155292e+0,1.271657694726e+0,3.114142060484e+4,3.101859779744e+4,8.565758980577e+2,5.663196611439e-5,9.977397047233e+0
6.940056390068e-1,1.275578040706e+0,1.275980235771e+0,3.123025375530e+4,3.110686832330e+4,8.653317169538e+2,6.364024411328e-5,1.025043282158e+1
6.960270998931e-1,1.280280019790e+0,1.280688420822e+0,3.132121949519e+4,3.119721128775e+4,8.749362759637e+2,7.249518183292e-5,1.055079690975e+1
6.980155835318e-1,1.285229940236e+0,1.285644923195e+0,3.141070125893e+4,3.128601784592e+4,8.851238071482e+2,8.347569079086e-5,1.087030878971e+1
7.000120188550e-1,1.290584616366e+0,1.291006772264e+0,3.150054084848e+4,3.137509161414e+4,8.962330843415e+2,9.771064560702e-5,1.121972211479e+1
7.020170957001e-1,1.296433194747e+0,1.296863243746e+0,3.159076930651e+4,3.146442089617e+4,9.084728379401e+2,1.167842389458e-4,1.160578879028e+1
7.040316670557e-1,1.302901062432e+0,1.303339906457e+0,3.168142501751e+4,3.155397009284e+4,9.221378200420e+2,1.434489639939e-4,1.203803865208e+1
7.060153768480e-1,1.310015303235e+0,1.310463895630e+0,3.177069195816e+4,3.164181945920e+4,9.373259196013e+2,1.818941024217e-4,1.251982195629e+1
7.080105953447e-1,1.318173568035e+0,1.318633428834e+0,3.186047679051e+4,3.172959061040e+4,9.549471049536e+2,2.426157867812e-4,1.308034281272e+1
7.100192131337e-1,1.327836985196e+0,1.328310311190e+0,3.195086459102e+4,3.181676203168e+4,9.761033498624e+2,3.492152793058e-4,1.375517756209e+1
7.120017045006e-1,1.339595430942e+0,1.340085315574e+0,3.204007670253e+4,3.190010204216e+4,1.002264833230e+3,5.620179989790e-4,1.459192120312e+1
7.140042729670e-1,1.355444316214e+0,1.355956863661e+0,3.213019228351e+4,3.197661853195e+4,1.038261050157e+3,1.113561277342e-3,1.574615182467e+1
7.160359463181e-1,1.380444039081e+0,1.380993403427e+0,3.222161758431e+4,3.202444324069e+4,1.096775995890e+3,3.307468620389e-3,1.762631870035e+1
7.180308582520e-1,1.431968791151e+0,1.432599899890e+0,3.231138862134e+4,3.190142896325e+4,1.224227633755e+3,2.112341692778e-2,2.171848030539e+1
7.200248142058e-1,1.638890089246e+0,1.639936235537e+0,3.240111663926e+4,2.990353747708e+4,1.835316658326e+3,6.987499777358e-1,4.072383805957e+1
7.217510475032e-1,4.052120559423e+0,4.064885202604e+0,3.247879713764e+4,1.274979403596e+4,2.774013650873e+4,2.841776631112e+2,4.840928838894e+2
