# Snap-through, faster ramp, 2 μs cap
t_s,lambda_eq,lambda_max,p_Pa,p_closed_Pa,V_mL,kinetic_J,internal_J
0.000000000000e+0,1.000000000000e+0,1.000000007451e+0,0.000000000000e+0,0.000000000000e+0,4.169284389479e+2,0.000000000000e+0,8.464590615018e-17
2.000565000000e-3,1.000511291606e+0,1.000595151596e+0,1.800508500000e+2,1.581629466064e+2,4.175682820166e+2,1.067601012822e-6,5.081226853884e-5
4.001130000000e-3,1.001161548136e+0,1.001250132549e+0,3.601017000000e+2,3.582648771544e+2,4.183829745067e+2,3.647402071181e-6,2.619342736328e-4
6.001695000000e-3,1.001806169219e+0,1.001904144694e+0,5.401525500000e+2,5.554803935133e+2,4.191916517144e+2,1.123309762917e-6,6.327255823108e-4
8.000289000000e-3,1.002340782920e+0,1.002457450163e+0,7.200260100000e+2,7.181748464672e+2,4.198631145849e+2,9.675738401673e-8,1.061842002289e-3
1.000085400000e-2,1.002880425385e+0,1.003012361156e+0,9.000768600000e+2,8.816080900224e+2,4.205416202684e+2,9.508906911717e-7,1.606510021892e-3
1.200141900000e-2,1.003516592984e+0,1.003654312278e+0,1.080127710000e+3,1.073258392200e+3,4.213424276933e+2,2.813782707165e-6,2.392090047804e-3
1.400001300000e-2,1.004163861710e+0,1.004307486067e+0,1.260001170000e+3,1.267130898426e+3,4.221582519313e+2,1.490534670648e-6,3.350255009550e-3
1.600057800000e-2,1.004739675625e+0,1.004896210624e+0,1.440052020000e+3,1.438655099336e+3,4.228848983171e+2,3.297778792898e-7,4.336925757666e-3
1.800114300000e-2,1.005298898344e+0,1.005460228538e+0,1.620102870000e+3,1.604389240790e+3,4.235914051795e+2,7.162000394355e-7,5.415837304780e-3
2.000170800000e-2,1.005919699602e+0,1.006070233667e+0,1.800153720000e+3,1.787399843814e+3,4.243766298528e+2,2.107189334149e-6,6.752418335452e-3
2.200030200000e-2,1.006572208536e+0,1.006731086893e+0,1.980027180000e+3,1.978660103841e+3,4.252030055682e+2,1.909211884488e-6,8.314287592516e-3
2.400086700000e-2,1.007188801133e+0,1.007350924883e+0,2.160078030000e+3,2.158364863498e+3,4.259848799047e+2,7.530390501828e-7,9.937620793357e-3
2.600143200000e-2,1.007773306754e+0,1.007925617054e+0,2.340128880000e+3,2.327800967521e+3,4.267269505536e+2,6.058473192045e-7,1.160834577576e-2
2.800002600000e-2,1.008382377862e+0,1.008543755238e+0,2.520002340000e+3,2.503413813625e+3,4.275011251639e+2,1.400666680126e-6,1.348543349893e-2
3.000059100000e-2,1.009032012683e+0,1.009186234852e+0,2.700053190000e+3,2.689666182096e+3,4.283278906192e+2,2.002376038296e-6,1.564020946804e-2
3.200115600000e-2,1.009681065599e+0,1.009837230019e+0,2.880104040000e+3,2.874669292750e+3,4.291549793376e+2,1.384711229007e-6,1.794994957215e-2
3.400172100000e-2,1.010302180691e+0,1.010461507835e+0,3.060154890000e+3,3.050701961919e+3,4.299474631741e+2,7.980982999129e-7,2.030665407916e-2
3.600031500001e-2,1.010916259763e+0,1.011067748622e+0,3.240028350001e+3,3.223777728893e+3,4.307319282201e+2,9.446848497231e-7,2.277696871303e-2
3.800088000001e-2,1.011555410651e+0,1.011706437998e+0,3.420079200001e+3,3.402908939762e+3,4.315494344820e+2,1.569993582142e-6,2.549585926487e-2
4.000144500001e-2,1.012216807561e+0,1.012371407661e+0,3.600130050001e+3,3.587195595040e+3,4.323964828689e+2,1.794412776864e-6,2.846751896921e-2
4.200003900002e-2,1.012873850513e+0,1.013027727887e+0,3.780003510002e+3,3.769188584493e+3,4.332390519138e+2,1.353986756064e-6,3.157836648829e-2
4.400060400002e-2,1.013516335192e+0,1.013666742449e+0,3.960054360002e+3,3.946113886704e+3,4.340640096890e+2,9.993788980536e-7,3.477280485947e-2
4.600116900002e-2,1.014157639944e+0,1.014305414414e+0,4.140105210002e+3,4.121699464645e+3,4.348884961139e+2,1.114485065689e-6,3.811130000022e-2
4.800173400003e-2,1.014815246796e+0,1.014964347326e+0,4.320156060002e+3,4.300701803682e+3,4.357350246752e+2,1.522860230446e-6,4.168971670296e-2
5.000032800003e-2,1.015487907369e+0,1.015638913517e+0,4.500029520003e+3,4.482711885304e+3,4.366020675036e+2,1.722220783886e-6,4.551196657034e-2
5.200089300003e-2,1.016163091197e+0,1.016314765125e+0,4.680080370003e+3,4.664302978168e+3,4.374735186436e+2,1.506946548657e-6,4.951269349516e-2
5.400145800004e-2,1.016831226030e+0,1.016984590460e+0,4.860131220003e+3,4.842918290632e+3,4.383370124800e+2,1.232559876935e-6,5.363300676214e-2
5.600005200004e-2,1.017496637497e+0,1.017651103881e+0,5.040004680004e+3,5.019744314934e+3,4.391981152267e+2,1.211415225099e-6,5.789553768226e-2
5.800061700004e-2,1.018171018429e+0,1.018325845643e+0,5.220055530004e+3,5.197879852213e+3,4.400719751736e+2,1.432676121715e-6,6.237691392715e-2
6.000118200005e-2,1.018857811014e+0,1.019013753794e+0,5.400106380004e+3,5.378189437556e+3,4.409631086276e+2,1.662306635883e-6,6.710720600218e-2
6.200174700005e-2,1.019552000552e+0,1.019709135050e+0,5.580157230005e+3,5.559315442864e+3,4.418650615419e+2,1.674410414156e-6,7.205856136084e-2
6.400034100006e-2,1.020245810587e+0,1.020404610330e+0,5.760030690005e+3,5.739218837059e+3,4.427677494395e+2,1.513274288815e-6,7.717753093370e-2
6.600090600006e-2,1.020938743833e+0,1.021097723661e+0,5.940081540005e+3,5.917780756860e+3,4.436705228199e+2,1.384703922100e-6,8.245941757486e-2
6.800147100006e-2,1.021633967932e+0,1.021793764859e+0,6.120132390006e+3,6.095821076666e+3,4.445775131760e+2,1.410176263047e-6,8.792832107661e-2
7.000006500007e-2,1.022335748679e+0,1.022496699677e+0,6.300005850006e+3,6.274418028451e+3,4.454943101326e+2,1.556726446905e-6,9.362047250728e-2
7.200063000007e-2,1.023046952263e+0,1.023208470366e+0,6.480056700006e+3,6.454269760756e+3,4.464247019755e+2,1.700319079867e-6,9.956442855739e-2
7.400119500007e-2,1.023764572933e+0,1.023926569067e+0,6.660107550006e+3,6.634585247578e+3,4.473648006663e+2,1.734515178911e-6,1.057403524032e-1
7.600176000008e-2,1.024485263303e+0,1.024648157186e+0,6.840158400007e+3,6.814507914793e+3,4.483102480791e+2,1.666919023096e-6,1.121223679867e-1
7.800035400008e-2,1.025206889308e+0,1.025370093768e+0,7.020031860007e+3,6.993502853198e+3,4.492582566268e+2,1.587934852112e-6,1.186924596248e-1
8.000091900008e-2,1.025932018118e+0,1.026096227015e+0,7.200082710007e+3,7.172203715398e+3,4.502122121060e+2,1.572167195340e-6,1.254750408888e-1
8.200148400009e-2,1.026662251738e+0,1.026826594029e+0,7.380133560008e+3,7.350992221415e+3,4.511742470553e+2,1.634131398938e-6,1.324876932320e-1
8.400007800009e-2,1.027398455811e+0,1.027563719515e+0,7.560007020008e+3,7.530061394695e+3,4.521455340363e+2,1.732773665729e-6,1.397422537244e-1
8.600064300009e-2,1.028142088244e+0,1.028307467828e+0,7.740057870008e+3,7.709741421378e+3,4.531280355299e+2,1.812186728985e-6,1.472574966000e-1
8.800120800010e-2,1.028891293743e+0,1.029057324182e+0,7.920108720009e+3,7.889560633902e+3,4.541193385698e+2,1.838166206988e-6,1.550189418344e-1
9.000177300010e-2,1.029644828066e+0,1.029811270170e+0,8.100159570009e+3,8.069204602520e+3,4.551178265147e+2,1.819184773496e-6,1.630167981580e-1
9.200036700010e-2,1.030401426055e+0,1.030569138778e+0,8.280033030009e+3,8.248362079852e+3,4.561218455069e+2,1.790299307929e-6,1.712397786790e-1
9.400093200011e-2,1.031162941079e+0,1.031332374344e+0,8.460083880010e+3,8.427460983474e+3,4.571338794464e+2,1.782917319271e-6,1.797103900002e-1
9.600149700011e-2,1.031929469888e+0,1.032100646709e+0,8.640134730010e+3,8.606508522725e+3,4.581540872665e+2,1.810289620676e-6,1.884328173291e-1
9.800009100011e-2,1.032701045117e+0,1.032873605378e+0,8.820008190010e+3,8.785496574276e+3,4.591825433781e+2,1.864535972248e-6,1.974105918091e-1
1.000006560001e-1,1.033479550649e+0,1.033653594261e+0,9.000059040011e+3,8.964841909142e+3,4.602217958436e+2,1.927299675680e-6,2.066695350218e-1
1.020012210001e-1,1.034264171048e+0,1.034439678659e+0,9.180109890011e+3,9.144333961953e+3,4.612707966465e+2,1.979884312582e-6,2.162042702635e-1
1.040017860001e-1,1.035054578912e+0,1.035231424629e+0,9.360160740011e+3,9.323877993779e+3,4.623291454973e+2,2.012821199614e-6,2.260147042078e-1
1.060003800001e-1,1.035849652703e+0,1.036027974745e+0,9.540034200011e+3,9.503203018180e+3,4.633953739633e+2,2.028075195325e-6,2.360902400282e-1
1.080009450001e-1,1.036650819553e+0,1.036830557097e+0,9.720085050012e+3,9.682614080585e+3,4.644714304053e+2,2.034617690738e-6,2.464524075326e-1
1.100015100001e-1,1.037457354672e+0,1.037638551443e+0,9.900135900012e+3,9.861930465742e+3,4.655563783309e+2,2.042982168687e-6,2.570955542979e-1
1.120001040001e-1,1.038268689773e+0,1.038451249303e+0,1.008000936001e+4,1.004101066342e+4,4.666494864988e+2,2.060603991491e-6,2.680153955909e-1
1.140006690001e-1,1.039086707660e+0,1.039270588453e+0,1.026006021001e+4,1.022025205214e+4,4.677533292530e+2,2.089668530398e-6,2.792410065829e-1
1.160012340001e-1,1.039910877499e+0,1.040095979497e+0,1.044011106001e+4,1.039951699015e+4,4.688672325580e+2,2.128574853251e-6,2.907693758803e-1
1.180017990001e-1,1.040741386036e+0,1.040927703879e+0,1.062016191001e+4,1.057882573503e+4,4.699914903697e+2,2.173167731869e-6,3.026072575558e-1
1.200003930002e-1,1.041577507905e+0,1.041765056347e+0,1.080003537001e+4,1.075800275278e+4,4.711251609294e+2,2.218738938937e-6,3.147482428446e-1
1.220009580002e-1,1.042420935343e+0,1.042609833506e+0,1.098008622001e+4,1.093738956934e+4,4.722705823803e+2,2.262262548400e-6,3.272212256599e-1
1.240015230002e-1,1.043270867535e+0,1.043461012499e+0,1.116013707001e+4,1.111679274117e+4,4.734267142014e+2,2.301827962513e-6,3.400190488226e-1
1.260001170002e-1,1.044126477485e+0,1.044317797219e+0,1.134001053001e+4,1.129601866009e+4,4.745924734969e+2,2.337357081536e-6,3.531332934222e-1
1.280006820001e-1,1.044989505672e+0,1.045181974138e+0,1.152006138001e+4,1.147541081160e+4,4.757702771348e+2,2.370052451246e-6,3.665950434152e-1
1.300012470001e-1,1.045859183933e+0,1.046052791781e+0,1.170011223001e+4,1.165478623374e+4,4.769591259582e+2,2.401443612767e-6,3.803971240782e-1
1.320018120001e-1,1.046735615210e+0,1.046930426617e+0,1.188016308001e+4,1.183414463368e+4,4.781592080615e+2,2.433133949779e-6,3.945457107508e-1
1.340004060001e-1,1.047618048738e+0,1.047814049027e+0,1.206003654001e+4,1.201331256857e+4,4.793695409963e+2,2.466407122457e-6,4.090329628469e-1
1.360009710001e-1,1.048508358006e+0,1.048705439807e+0,1.224008739001e+4,1.219264808685e+4,4.805927442913e+2,2.501879877527e-6,4.238943827691e-1
1.380015360001e-1,1.049405812073e+0,1.049603954693e+0,1.242013824001e+4,1.237197902237e+4,4.818278680394e+2,2.539906744144e-6,4.391229913655e-1
1.400001300001e-1,1.050309653599e+0,1.050508922772e+0,1.260001170001e+4,1.255113287339e+4,4.830739195459e+2,2.580437712239e-6,4.547105485264e-1
1.420006950001e-1,1.051221795431e+0,1.051422189118e+0,1.278006255001e+4,1.273046501564e+4,4.843335900807e+2,2.623243628762e-6,4.706951393237e-1
1.440012600001e-1,1.052141482193e+0,1.052342927166e+0,1.296011340001e+4,1.290980054633e+4,4.856058953356e+2,2.668005847284e-6,4.870691131825e-1
1.460018250000e-1,1.053068842803e+0,1.053271330835e+0,1.314016425000e+4,1.308913990956e+4,4.868910708389e+2,2.714400333610e-6,5.038400976395e-1
1.480004190000e-1,1.054003081829e+0,1.054206644748e+0,1.332003771000e+4,1.326830638250e+4,4.881880695288e+2,2.762087202968e-6,5.209987642601e-1
1.500009840000e-1,1.054946169901e+0,1.055150774231e+0,1.350008856000e+4,1.344765235253e+4,4.894996873907e+2,2.811040326530e-6,5.385868660610e-1
1.520015490000e-1,1.055897323704e+0,1.056102932803e+0,1.368013941000e+4,1.362700065095e+4,4.908249002136e+2,2.861076636348e-6,5.565958667440e-1
1.540001430000e-1,1.056855730442e+0,1.057062376715e+0,1.386001287000e+4,1.380617386857e+4,4.921626353908e+2,2.912068044333e-6,5.750157760233e-1
1.560007080000e-1,1.057823420166e+0,1.058031108818e+0,1.404006372000e+4,1.398552464505e+4,4.935157915225e+2,2.964214222795e-6,5.938915372740e-1
1.580012730000e-1,1.058799597314e+0,1.059008274096e+0,1.422011457000e+4,1.416487588347e+4,4.948833266147e+2,3.017472809056e-6,6.132140998755e-1
1.600018380000e-1,1.059784411483e+0,1.059994084330e+0,1.440016542000e+4,1.434422720207e+4,4.962655189561e+2,3.071914430528e-6,6.329926242623e-1
1.620004320000e-1,1.060777033672e+0,1.060987718573e+0,1.458003888000e+4,1.452340162448e+4,4.976612717837e+2,3.127540470174e-6,6.532163725712e-1
1.640009970000e-1,1.061779581290e+0,1.061991239786e+0,1.476008973000e+4,1.470275247513e+4,4.990736349758e+2,3.184610130722e-6,6.739349661546e-1
1.660015619999e-1,1.062791243816e+0,1.063003879597e+0,1.494014057999e+4,1.488210294957e+4,5.005015452082e+2,3.243123131692e-6,6.951387194723e-1
1.680001559999e-1,1.063811179759e+0,1.064024805990e+0,1.512001403999e+4,1.506127629600e+4,5.019438874477e+2,3.303084908755e-6,7.168163435907e-1
1.700007209999e-1,1.064841575412e+0,1.065056157389e+0,1.530006488999e+4,1.524062601450e+4,5.034038323871e+2,3.364745132661e-6,7.390212577101e-1
1.720012859999e-1,1.065881608691e+0,1.066097157963e+0,1.548011573999e+4,1.541997539812e+4,5.048803006514e+2,3.428101771302e-6,7.617433164979e-1
1.740018509999e-1,1.066931464401e+0,1.067147986792e+0,1.566016658999e+4,1.559932450454e+4,5.063736383229e+2,3.493238331838e-6,7.849938578584e-1
1.760004449999e-1,1.067990283603e+0,1.068207749602e+0,1.584004004999e+4,1.577849668901e+4,5.078827054196e+2,3.560151365492e-6,8.087608674801e-1
1.780010099999e-1,1.069060350689e+0,1.069278781049e+0,1.602009089999e+4,1.595784543470e+4,5.094108464955e+2,3.629096226418e-6,8.331032843018e-1
1.800015749999e-1,1.070140828277e+0,1.070360205876e+0,1.620014174999e+4,1.613719409065e+4,5.109569616653e+2,3.700079731411e-6,8.580103913901e-1
1.820001689999e-1,1.071230844228e+0,1.071451160165e+0,1.638001520999e+4,1.631636602171e+4,5.125198925759e+2,3.773109481518e-6,8.834696528893e-1
1.840007339998e-1,1.072332762626e+0,1.072554032823e+0,1.656006605999e+4,1.649571464819e+4,5.141031262029e+2,3.848465684412e-6,9.095445505742e-1
1.860012989998e-1,1.073445734838e+0,1.073667938340e+0,1.674011690999e+4,1.667506330258e+4,5.157055482860e+2,3.926173600865e-6,9.362239816833e-1
1.880018639998e-1,1.074569988689e+0,1.074793142649e+0,1.692016775998e+4,1.685441197742e+4,5.173275903739e+2,4.006354576802e-6,9.635221187192e-1
1.900004579998e-1,1.075704634632e+0,1.075928719549e+0,1.710004121998e+4,1.703358397839e+4,5.189680707774e+2,4.089049328936e-6,9.914257807661e-1
1.920010229998e-1,1.076852152283e+0,1.077077177260e+0,1.728009206998e+4,1.721293256041e+4,5.206306847803e+2,4.174569136588e-6,1.020005125009e+0
1.940015879998e-1,1.078011678550e+0,1.078237643583e+0,1.746014291998e+4,1.739228094691e+4,5.223143009165e+2,4.262961620297e-6,1.049248613407e+0
1.960001819998e-1,1.079182311078e+0,1.079409210139e+0,1.764001637998e+4,1.757145232981e+4,5.240177212073e+2,4.354269844182e-6,1.079142632710e+0
1.980007469998e-1,1.080366624699e+0,1.080594462956e+0,1.782006722998e+4,1.775079987662e+4,5.257448139141e+2,4.448794461901e-6,1.109762893230e+0
2.000013119998e-1,1.081563746904e+0,1.081792521124e+0,1.800011807998e+4,1.793014677369e+4,5.274944378813e+2,4.546556933381e-6,1.141097631305e+0
2.020018769997e-1,1.082773963030e+0,1.083003679618e+0,1.818016892998e+4,1.810949290454e+4,5.292671402153e+2,4.647652628330e-6,1.173164855956e+0
2.040004709997e-1,1.083996356612e+0,1.084227007877e+0,1.836004238998e+4,1.828866153063e+4,5.310617070873e+2,4.752066914245e-6,1.205950540246e+0
2.060010359997e-1,1.085233645344e+0,1.085465243045e+0,1.854009323998e+4,1.846800610702e+4,5.328822674896e+2,4.860072333712e-6,1.239538730891e+0
2.080016009997e-1,1.086484949030e+0,1.086717486292e+0,1.872014408997e+4,1.864735012112e+4,5.347276765770e+2,4.971671405704e-6,1.273917617402e+0
2.100001949997e-1,1.087749344284e+0,1.087982830723e+0,1.890001754997e+4,1.882651713642e+4,5.365967156109e+2,5.086880438215e-6,1.309073056426e+0
2.120007599997e-1,1.089029668261e+0,1.089264099989e+0,1.908006839997e+4,1.900586089633e+4,5.384937333626e+2,5.206115005537e-6,1.345096134196e+0
2.140013249997e-1,1.090325036753e+0,1.090560423873e+0,1.926011924997e+4,1.918520496578e+4,5.404175868918e+2,5.329524708316e-6,1.381975181499e+0
2.160018899997e-1,1.091635817889e+0,1.091872158022e+0,1.944017009997e+4,1.936454948546e+4,5.423689897101e+2,5.457434210528e-6,1.419733668429e+0
2.180004839997e-1,1.092961077471e+0,1.093198378377e+0,1.962004355997e+4,1.954371770019e+4,5.443467170318e+2,5.590071457189e-6,1.458357420467e+0
2.200010489997e-1,1.094303822658e+0,1.094542084824e+0,1.980009440997e+4,1.972306269889e+4,5.463554361340e+2,5.728066279411e-6,1.497947903250e+0
2.220016139996e-1,1.095663162318e+0,1.095902396397e+0,1.998014525997e+4,1.990240736036e+4,5.483940076992e+2,5.871593594213e-6,1.538493790742e+0
2.240002079996e-1,1.097038156209e+0,1.097278360605e+0,2.016001871997e+4,2.008157458164e+4,5.504612080212e+2,6.020732356779e-6,1.579981088197e+0
2.260007729996e-1,1.098431958744e+0,1.098673144492e+0,2.034006956997e+4,2.026091751911e+4,5.525619811375e+2,6.175924453900e-6,1.622520212760e+0
2.280013379996e-1,1.099843685873e+0,1.100085855741e+0,2.052012041997e+4,2.044025958408e+4,5.546952122041e+2,6.337169589710e-6,1.666100658663e+0
2.300019029996e-1,1.101273822552e+0,1.101516985250e+0,2.070017126996e+4,2.061960115576e+4,5.568618526490e+2,6.504688254643e-6,1.710753720547e+0
2.320004969996e-1,1.102721437814e+0,1.102965598380e+0,2.088004472996e+4,2.079876601061e+4,5.590607112935e+2,6.678677521683e-6,1.756466468278e+0
2.340010619996e-1,1.104189912905e+0,1.104435079275e+0,2.106009557996e+4,2.097810782489e+4,5.612971613696e+2,6.860023366056e-6,1.803363172627e+0
2.360016269996e-1,1.105678375566e+0,1.105924556884e+0,2.124014642996e+4,2.115744979979e+4,5.635701306858e+2,7.049180905585e-6,1.851434888262e+0
2.380002209996e-1,1.107185896028e+0,1.107433098628e+0,2.142001988996e+4,2.133661480308e+4,5.658784485871e+2,7.246529620572e-6,1.900669590135e+0
2.400007859995e-1,1.108716039262e+0,1.108964274186e+0,2.160007073996e+4,2.151595570391e+4,5.682278434337e+2,7.452891677057e-6,1.951203214198e+0
2.420013509995e-1,1.110267950599e+0,1.110517225655e+0,2.178012158996e+4,2.169529562029e+4,5.706172942584e+2,7.668394698600e-6,2.003028609310e+0
2.440019159995e-1,1.111842284649e+0,1.112092611080e+0,2.196017243996e+4,2.187463480927e+4,5.730481038636e+2,7.893400296885e-6,2.056188688492e+0
2.460005099995e-1,1.113438143543e+0,1.113689530792e+0,2.214004589996e+4,2.205379706675e+4,5.755191840721e+2,8.128251387483e-6,2.110674129334e+0
2.480010749995e-1,1.115059393036e+0,1.115311852217e+0,2.232009674996e+4,2.223313604168e+4,5.780368437811e+2,8.374252937255e-6,2.166639669651e+0
2.500016399995e-1,1.116705219994e+0,1.116958764101e+0,2.250014759995e+4,2.241247481474e+4,5.806001695736e+2,8.632114762347e-6,2.224081830836e+0
2.520002339995e-1,1.118374748925e+0,1.118629388490e+0,2.268002105995e+4,2.259163618023e+4,5.832081417028e+2,8.902376915457e-6,2.282993787458e+0
2.540007989995e-1,1.120072097566e+0,1.120327846730e+0,2.286007190995e+4,2.277097321180e+4,5.858675651634e+2,9.186209108463e-6,2.343546552594e+0
2.560013639995e-1,1.121796505137e+0,1.122053378230e+0,2.304012275995e+4,2.295030944024e+4,5.885776513271e+2,9.484037346431e-6,2.405740782226e+0
2.580019289995e-1,1.123548892828e+0,1.123806903322e+0,2.322017360995e+4,2.312964530218e+4,5.913402600576e+2,9.796862845350e-6,2.469637734852e+0
2.600005229994e-1,1.125328458248e+0,1.125587620415e+0,2.340004706995e+4,2.330880420090e+4,5.941545469816e+2,1.012566968072e-5,2.535236389261e+0
2.620010879994e-1,1.127139725565e+0,1.127400056697e+0,2.358009791995e+4,2.348813909448e+4,5.970281234462e+2,1.047244608178e-5,2.602734130520e+0
2.640016529994e-1,1.128982025978e+0,1.129243542247e+0,2.376014876995e+4,2.366747289868e+4,5.999604234042e+2,1.083802669251e-5,2.672139155404e+0
2.660002469994e-1,1.130854634603e+0,1.131117352721e+0,2.394002222995e+4,2.384662903355e+4,6.029507870300e+2,1.122318868580e-5,2.743456602901e+0
2.680008119994e-1,1.132762451244e+0,1.133026390980e+0,2.412007307995e+4,2.402596123801e+4,6.060075759131e+2,1.163025172004e-5,2.816908292708e+0
2.700013769994e-1,1.134704920144e+0,1.134970100551e+0,2.430012392994e+4,2.420529281950e+4,6.091304829482e+2,1.206080616376e-5,2.892510970105e+0
2.720019419994e-1,1.136683389037e+0,1.136949830528e+0,2.448017477994e+4,2.438462333846e+4,6.123222772236e+2,1.251682417066e-5,2.970355976011e+0
2.740005359994e-1,1.138697286846e+0,1.138965009900e+0,2.466004823994e+4,2.456377588928e+4,6.155826589985e+2,1.299967337959e-5,3.050460455984e+0
2.760011009994e-1,1.140752115230e+0,1.141021143342e+0,2.484009908994e+4,2.474310408119e+4,6.189212127245e+2,1.351246498057e-5,3.133086300970e+0
2.780016659993e-1,1.142847535877e+0,1.143117892640e+0,2.502014993994e+4,2.492243136273e+4,6.223381268156e+2,1.405749451847e-5,3.218266639745e+0
2.800002599993e-1,1.144983153295e+0,1.145254862536e+0,2.520002339994e+4,2.510158069664e+4,6.258335046361e+2,1.463718357112e-5,3.306031967395e+0
2.820008249993e-1,1.147165029726e+0,1.147438119008e+0,2.538007424994e+4,2.528090514278e+4,6.294180860310e+2,1.525565974938e-5,3.396682122057e+0
2.840013899993e-1,1.149393067438e+0,1.149667564268e+0,2.556012509994e+4,2.546022818799e+4,6.330926036108e+2,1.591577714601e-5,3.490268184798e+0
2.860019549993e-1,1.151669395475e+0,1.151945329026e+0,2.574017594994e+4,2.563954986600e+4,6.368615033818e+2,1.662173437937e-5,3.586936569814e+0
2.880005489993e-1,1.153993976898e+0,1.154271376583e+0,2.592004940994e+4,2.581869310792e+4,6.407257024711e+2,1.737735697007e-5,3.686744598583e+0
2.900011139993e-1,1.156373852336e+0,1.156652752104e+0,2.610010025994e+4,2.599801105057e+4,6.446979785095e+2,1.818897264660e-5,3.790058899160e+0
2.920016789993e-1,1.158809409280e+0,1.159089843329e+0,2.628015110993e+4,2.617732713158e+4,6.487801568966e+2,1.906159381217e-5,3.896966524128e+0
2.940002729993e-1,1.161301025077e+0,1.161583028240e+0,2.646002456993e+4,2.635646444939e+4,6.529740884683e+2,2.000102491630e-5,4.007555467000e+0
2.960008379992e-1,1.163856712051e+0,1.164140324373e+0,2.664007541993e+4,2.653577592038e+4,6.572946028815e+2,2.101646675458e-5,4.122259652836e+0
2.980014029992e-1,1.166477414490e+0,1.166762676819e+0,2.682012626993e+4,2.671508482551e+4,6.617447776738e+2,2.211541743961e-5,4.241207275966e+0
3.000019679992e-1,1.169166802145e+0,1.169453757754e+0,2.700017711993e+4,2.689439097508e+4,6.663324221953e+2,2.330792327212e-5,4.364655150700e+0
3.020005619992e-1,1.171926118710e+0,1.172214811924e+0,2.718005057993e+4,2.707351721556e+4,6.710613405480e+2,2.460401653895e-5,4.492755385670e+0
3.040011269992e-1,1.174765190010e+0,1.175055671649e+0,2.736010142993e+4,2.725281661596e+4,6.759502413364e+2,2.601926654984e-5,4.626068973853e+0
3.060016919992e-1,1.177686149869e+0,1.177978472303e+0,2.754015227993e+4,2.743211221363e+4,6.810048774128e+2,2.756806533617e-5,4.764811822994e+0
3.080002859992e-1,1.180691296706e+0,1.180985514031e+0,2.772002573993e+4,2.761122674104e+4,6.862314302034e+2,2.926677787449e-5,4.909213901601e+0
3.100008509992e-1,1.183792428625e+0,1.184088602671e+0,2.790007658993e+4,2.779051305055e+4,6.916528861291e+2,3.113998778504e-5,5.059976281956e+0
3.120014159992e-1,1.186993150539e+0,1.187291345632e+0,2.808012743992e+4,2.796979390302e+4,6.972783137841e+2,3.321176559239e-5,5.217423384445e+0
3.140000099992e-1,1.190297424236e+0,1.190598261644e+0,2.826000089992e+4,2.814889181067e+4,7.031176517667e+2,3.551014461644e-5,5.381908045281e+0
3.160005749991e-1,1.193719919144e+0,1.194024316844e+0,2.844005174992e+4,2.832815926329e+4,7.092001881167e+2,3.807638807903e-5,5.554337482814e+0
3.180011399991e-1,1.197266617529e+0,1.197574747067e+0,2.862010259992e+4,2.850741850484e+4,7.155403685875e+2,4.095334172778e-5,5.735211833210e+0
3.200017049991e-1,1.200947928022e+0,1.201259980139e+0,2.880015344992e+4,2.868666822137e+4,7.221610339643e+2,4.419588950007e-5,5.925279518208e+0
3.220002989991e-1,1.204771869706e+0,1.205088069602e+0,2.898002690992e+4,2.886573031260e+4,7.290813271435e+2,4.786863007618e-5,6.125193831371e+0
3.240008639991e-1,1.208759588283e+0,1.209080176865e+0,2.916007775992e+4,2.904495589199e+4,7.363449553643e+2,5.206445992197e-5,6.336333007560e+0
3.260014289991e-1,1.212923134118e+0,1.213248372474e+0,2.934012860992e+4,2.922416596436e+4,7.439801664381e+2,5.688886899973e-5,6.559647338841e+0
3.280000229991e-1,1.217276473502e+0,1.217606645736e+0,2.952000206992e+4,2.940318077192e+4,7.520196780401e+2,6.247639649923e-5,6.796232548233e+0
3.300005879991e-1,1.221849795579e+0,1.222185228385e+0,2.970005291992e+4,2.958234933047e+4,7.605276029210e+2,6.902141579836e-5,7.048132190620e+0
3.320011529991e-1,1.226664635738e+0,1.227005690058e+0,2.988010376992e+4,2.976148966078e+4,7.695539193261e+2,7.676357666338e-5,7.317004087748e+0
3.340017179990e-1,1.231751997947e+0,1.232099081503e+0,3.006015461991e+4,2.994059445393e+4,7.791684266352e+2,8.603515689229e-5,7.605126249887e+0
3.360003119990e-1,1.237144292070e+0,1.237497862903e+0,3.024002807991e+4,3.011947725607e+4,7.894462876498e+2,9.728649485178e-5,7.914975007092e+0
3.380008769990e-1,1.242899199789e+0,1.243259799228e+0,3.042007892991e+4,3.029847657903e+4,8.005145774202e+2,1.112000077782e-4,8.250642266098e+0
3.400014419990e-1,1.249071221608e+0,1.249439473779e+0,3.060012977991e+4,3.047739501131e+4,8.124995457306e+2,1.287409916267e-4,8.616264016923e+0
3.420000359990e-1,1.255730896613e+0,1.256107532055e+0,3.078000323991e+4,3.065602443645e+4,8.255649750839e+2,1.513789974295e-4,9.017193586386e+0
3.440006009990e-1,1.262994516798e+0,1.263380435544e+0,3.096005408991e+4,3.083466605463e+4,8.399741383457e+2,1.815577338706e-4,9.461943783193e+0
3.460011659990e-1,1.270998431258e+0,1.271394736493e+0,3.114010493991e+4,3.101305700648e+4,8.560449373608e+2,2.233409809466e-4,9.960865171792e+0
3.480017309990e-1,1.279948735404e+0,1.280356834990e+0,3.132015578991e+4,3.119103965155e+4,8.742572579516e+2,2.842005481368e-4,1.052953361420e+1
3.500003249990e-1,1.290149989922e+0,1.290571743779e+0,3.150002924991e+4,3.136812579869e+4,8.953279237776e+2,3.790503858750e-4,1.119121593752e+1
3.520008899990e-1,1.302143000601e+0,1.302581069605e+0,3.168008009991e+4,3.154396145182e+4,9.205291848227e+2,5.424019233549e-4,1.198709155355e+1
3.540014549989e-1,1.316876326782e+0,1.317334798762e+0,3.186013094990e+4,3.171652710681e+4,9.521305303753e+2,8.681248287111e-4,1.299064674313e+1
3.560000489989e-1,1.336381446234e+0,1.336867534303e+0,3.204000440990e+4,3.187968383707e+4,9.950681645223e+2,1.690311223068e-3,1.436153129216e+1
3.580006139989e-1,1.366249964383e+0,1.366779889824e+0,3.222005525990e+4,3.200747785410e+4,1.063290688185e+3,4.842046922983e-3,1.655003429579e+1
3.600011789989e-1,1.428385213542e+0,1.429014497593e+0,3.240010610990e+4,3.191790422390e+4,1.215059532600e+3,3.186925068525e-2,2.142479655522e+1
3.620017439989e-1,1.695869296879e+0,1.697063298707e+0,3.258015695990e+4,2.919035560288e+4,2.033474132274e+3,1.374422751787e+0,4.660100604398e+1
3.634169219989e-1,3.686808858222e+0,3.697175104311e+0,3.270752297990e+4,1.401070704181e+4,2.089360531394e+4,2.616082159139e+2,3.924011810781e+2
